ISO-10303-21;
HEADER;
FILE_DESCRIPTION(('FreeCAD Model'),'2;1');
FILE_NAME('Open CASCADE Shape Model','2026-09-10T16:43:00',('FreeCAD'),(
    'FreeCAD'),'Open CASCADE STEP processor 7.8','FreeCAD','Unknown');
FILE_SCHEMA(('AUTOMOTIVE_DESIGN { 1 0 10303 214 1 1 1 1 }'));
ENDSEC;
DATA;
#1 = APPLICATION_PROTOCOL_DEFINITION('international standard',
  'automotive_design',2000,#2);
#2 = APPLICATION_CONTEXT(
  'core data for automotive mechanical design processes');
#3 = SHAPE_DEFINITION_REPRESENTATION(#4,#10);
#4 = PRODUCT_DEFINITION_SHAPE('','',#5);
#5 = PRODUCT_DEFINITION('design','',#6,#9);
#6 = PRODUCT_DEFINITION_FORMATION('','',#7);
#7 = PRODUCT('Open CASCADE STEP translator 7.8 7',
  'Open CASCADE STEP translator 7.8 7','',(#8));
#8 = PRODUCT_CONTEXT('',#2,'mechanical');
#9 = PRODUCT_DEFINITION_CONTEXT('part definition',#2,'design');
#10 = SHAPE_REPRESENTATION('',(#11,#15,#620,#1100,#1355,#1512,#1604,
    #1696,#1788,#1880,#1892,#1904,#1916,#1928,#1940,#1952,#1964,#1976,
    #1988,#2000),#2674);
#11 = AXIS2_PLACEMENT_3D('',#12,#13,#14);
#12 = CARTESIAN_POINT('',(0.,0.,0.));
#13 = DIRECTION('',(0.,0.,1.));
#14 = DIRECTION('',(1.,0.,-0.));
#15 = MANIFOLD_SOLID_BREP('',#16);
#16 = CLOSED_SHELL('',(#17,#57,#179,#204,#229,#335,#352,#369,#386,#403,
    #415,#432,#449,#466,#491,#508,#533,#558,#583,#603));
#17 = ADVANCED_FACE('',(#18),#52,.F.);
#18 = FACE_BOUND('',#19,.F.);
#19 = EDGE_LOOP('',(#20,#30,#38,#46));
#20 = ORIENTED_EDGE('',*,*,#21,.F.);
#21 = EDGE_CURVE('',#22,#24,#26,.T.);
#22 = VERTEX_POINT('',#23);
#23 = CARTESIAN_POINT('',(-82.5,-67.5,16.));
#24 = VERTEX_POINT('',#25);
#25 = CARTESIAN_POINT('',(-82.5,67.5,16.));
#26 = LINE('',#27,#28);
#27 = CARTESIAN_POINT('',(-82.5,-82.5,16.));
#28 = VECTOR('',#29,1.);
#29 = DIRECTION('',(-0.,1.,0.));
#30 = ORIENTED_EDGE('',*,*,#31,.F.);
#31 = EDGE_CURVE('',#32,#22,#34,.T.);
#32 = VERTEX_POINT('',#33);
#33 = CARTESIAN_POINT('',(-82.5,-67.5,0.));
#34 = LINE('',#35,#36);
#35 = CARTESIAN_POINT('',(-82.5,-67.5,0.));
#36 = VECTOR('',#37,1.);
#37 = DIRECTION('',(0.,0.,1.));
#38 = ORIENTED_EDGE('',*,*,#39,.T.);
#39 = EDGE_CURVE('',#32,#40,#42,.T.);
#40 = VERTEX_POINT('',#41);
#41 = CARTESIAN_POINT('',(-82.5,67.5,0.));
#42 = LINE('',#43,#44);
#43 = CARTESIAN_POINT('',(-82.5,-82.5,0.));
#44 = VECTOR('',#45,1.);
#45 = DIRECTION('',(-0.,1.,0.));
#46 = ORIENTED_EDGE('',*,*,#47,.T.);
#47 = EDGE_CURVE('',#40,#24,#48,.T.);
#48 = LINE('',#49,#50);
#49 = CARTESIAN_POINT('',(-82.5,67.5,0.));
#50 = VECTOR('',#51,1.);
#51 = DIRECTION('',(0.,0.,1.));
#52 = PLANE('',#53);
#53 = AXIS2_PLACEMENT_3D('',#54,#55,#56);
#54 = CARTESIAN_POINT('',(-82.5,-82.5,0.));
#55 = DIRECTION('',(1.,0.,-0.));
#56 = DIRECTION('',(0.,0.,1.));
#57 = ADVANCED_FACE('',(#58,#119,#130,#141,#152,#163),#174,.T.);
#58 = FACE_BOUND('',#59,.T.);
#59 = EDGE_LOOP('',(#60,#61,#70,#78,#87,#95,#104,#112));
#60 = ORIENTED_EDGE('',*,*,#21,.F.);
#61 = ORIENTED_EDGE('',*,*,#62,.T.);
#62 = EDGE_CURVE('',#22,#63,#65,.T.);
#63 = VERTEX_POINT('',#64);
#64 = CARTESIAN_POINT('',(-67.5,-82.5,16.));
#65 = CIRCLE('',#66,15.);
#66 = AXIS2_PLACEMENT_3D('',#67,#68,#69);
#67 = CARTESIAN_POINT('',(-67.5,-67.5,16.));
#68 = DIRECTION('',(0.,0.,1.));
#69 = DIRECTION('',(0.,-1.,0.));
#70 = ORIENTED_EDGE('',*,*,#71,.T.);
#71 = EDGE_CURVE('',#63,#72,#74,.T.);
#72 = VERTEX_POINT('',#73);
#73 = CARTESIAN_POINT('',(67.5,-82.5,16.));
#74 = LINE('',#75,#76);
#75 = CARTESIAN_POINT('',(-82.5,-82.5,16.));
#76 = VECTOR('',#77,1.);
#77 = DIRECTION('',(1.,0.,-0.));
#78 = ORIENTED_EDGE('',*,*,#79,.F.);
#79 = EDGE_CURVE('',#80,#72,#82,.T.);
#80 = VERTEX_POINT('',#81);
#81 = CARTESIAN_POINT('',(82.5,-67.5,16.));
#82 = CIRCLE('',#83,15.);
#83 = AXIS2_PLACEMENT_3D('',#84,#85,#86);
#84 = CARTESIAN_POINT('',(67.5,-67.5,16.));
#85 = DIRECTION('',(-0.,-0.,-1.));
#86 = DIRECTION('',(0.,-1.,0.));
#87 = ORIENTED_EDGE('',*,*,#88,.T.);
#88 = EDGE_CURVE('',#80,#89,#91,.T.);
#89 = VERTEX_POINT('',#90);
#90 = CARTESIAN_POINT('',(82.5,67.5,16.));
#91 = LINE('',#92,#93);
#92 = CARTESIAN_POINT('',(82.5,-82.5,16.));
#93 = VECTOR('',#94,1.);
#94 = DIRECTION('',(-0.,1.,0.));
#95 = ORIENTED_EDGE('',*,*,#96,.T.);
#96 = EDGE_CURVE('',#89,#97,#99,.T.);
#97 = VERTEX_POINT('',#98);
#98 = CARTESIAN_POINT('',(67.5,82.5,16.));
#99 = CIRCLE('',#100,15.);
#100 = AXIS2_PLACEMENT_3D('',#101,#102,#103);
#101 = CARTESIAN_POINT('',(67.5,67.5,16.));
#102 = DIRECTION('',(0.,0.,1.));
#103 = DIRECTION('',(0.,-1.,0.));
#104 = ORIENTED_EDGE('',*,*,#105,.F.);
#105 = EDGE_CURVE('',#106,#97,#108,.T.);
#106 = VERTEX_POINT('',#107);
#107 = CARTESIAN_POINT('',(-67.5,82.5,16.));
#108 = LINE('',#109,#110);
#109 = CARTESIAN_POINT('',(-82.5,82.5,16.));
#110 = VECTOR('',#111,1.);
#111 = DIRECTION('',(1.,0.,-0.));
#112 = ORIENTED_EDGE('',*,*,#113,.F.);
#113 = EDGE_CURVE('',#24,#106,#114,.T.);
#114 = CIRCLE('',#115,15.);
#115 = AXIS2_PLACEMENT_3D('',#116,#117,#118);
#116 = CARTESIAN_POINT('',(-67.5,67.5,16.));
#117 = DIRECTION('',(-0.,-0.,-1.));
#118 = DIRECTION('',(0.,-1.,0.));
#119 = FACE_BOUND('',#120,.T.);
#120 = EDGE_LOOP('',(#121));
#121 = ORIENTED_EDGE('',*,*,#122,.F.);
#122 = EDGE_CURVE('',#123,#123,#125,.T.);
#123 = VERTEX_POINT('',#124);
#124 = CARTESIAN_POINT('',(-57.75,-65.,16.));
#125 = CIRCLE('',#126,7.25);
#126 = AXIS2_PLACEMENT_3D('',#127,#128,#129);
#127 = CARTESIAN_POINT('',(-65.,-65.,16.));
#128 = DIRECTION('',(0.,0.,1.));
#129 = DIRECTION('',(1.,0.,-0.));
#130 = FACE_BOUND('',#131,.T.);
#131 = EDGE_LOOP('',(#132));
#132 = ORIENTED_EDGE('',*,*,#133,.F.);
#133 = EDGE_CURVE('',#134,#134,#136,.T.);
#134 = VERTEX_POINT('',#135);
#135 = CARTESIAN_POINT('',(72.25,-65.,16.));
#136 = CIRCLE('',#137,7.25);
#137 = AXIS2_PLACEMENT_3D('',#138,#139,#140);
#138 = CARTESIAN_POINT('',(65.,-65.,16.));
#139 = DIRECTION('',(0.,0.,1.));
#140 = DIRECTION('',(1.,0.,-0.));
#141 = FACE_BOUND('',#142,.T.);
#142 = EDGE_LOOP('',(#143));
#143 = ORIENTED_EDGE('',*,*,#144,.F.);
#144 = EDGE_CURVE('',#145,#145,#147,.T.);
#145 = VERTEX_POINT('',#146);
#146 = CARTESIAN_POINT('',(-57.75,65.,16.));
#147 = CIRCLE('',#148,7.25);
#148 = AXIS2_PLACEMENT_3D('',#149,#150,#151);
#149 = CARTESIAN_POINT('',(-65.,65.,16.));
#150 = DIRECTION('',(0.,0.,1.));
#151 = DIRECTION('',(1.,0.,-0.));
#152 = FACE_BOUND('',#153,.T.);
#153 = EDGE_LOOP('',(#154));
#154 = ORIENTED_EDGE('',*,*,#155,.F.);
#155 = EDGE_CURVE('',#156,#156,#158,.T.);
#156 = VERTEX_POINT('',#157);
#157 = CARTESIAN_POINT('',(75.,-1.836970198721E-14,16.));
#158 = CIRCLE('',#159,75.);
#159 = AXIS2_PLACEMENT_3D('',#160,#161,#162);
#160 = CARTESIAN_POINT('',(0.,0.,16.));
#161 = DIRECTION('',(0.,0.,1.));
#162 = DIRECTION('',(1.,0.,-0.));
#163 = FACE_BOUND('',#164,.T.);
#164 = EDGE_LOOP('',(#165));
#165 = ORIENTED_EDGE('',*,*,#166,.F.);
#166 = EDGE_CURVE('',#167,#167,#169,.T.);
#167 = VERTEX_POINT('',#168);
#168 = CARTESIAN_POINT('',(72.25,65.,16.));
#169 = CIRCLE('',#170,7.25);
#170 = AXIS2_PLACEMENT_3D('',#171,#172,#173);
#171 = CARTESIAN_POINT('',(65.,65.,16.));
#172 = DIRECTION('',(0.,0.,1.));
#173 = DIRECTION('',(1.,0.,-0.));
#174 = PLANE('',#175);
#175 = AXIS2_PLACEMENT_3D('',#176,#177,#178);
#176 = CARTESIAN_POINT('',(-82.5,-82.5,16.));
#177 = DIRECTION('',(0.,0.,1.));
#178 = DIRECTION('',(1.,0.,-0.));
#179 = ADVANCED_FACE('',(#180),#199,.T.);
#180 = FACE_BOUND('',#181,.T.);
#181 = EDGE_LOOP('',(#182,#191,#197,#198));
#182 = ORIENTED_EDGE('',*,*,#183,.T.);
#183 = EDGE_CURVE('',#32,#184,#186,.T.);
#184 = VERTEX_POINT('',#185);
#185 = CARTESIAN_POINT('',(-67.5,-82.5,0.));
#186 = CIRCLE('',#187,15.);
#187 = AXIS2_PLACEMENT_3D('',#188,#189,#190);
#188 = CARTESIAN_POINT('',(-67.5,-67.5,0.));
#189 = DIRECTION('',(0.,0.,1.));
#190 = DIRECTION('',(0.,-1.,0.));
#191 = ORIENTED_EDGE('',*,*,#192,.T.);
#192 = EDGE_CURVE('',#184,#63,#193,.T.);
#193 = LINE('',#194,#195);
#194 = CARTESIAN_POINT('',(-67.5,-82.5,0.));
#195 = VECTOR('',#196,1.);
#196 = DIRECTION('',(0.,0.,1.));
#197 = ORIENTED_EDGE('',*,*,#62,.F.);
#198 = ORIENTED_EDGE('',*,*,#31,.F.);
#199 = CYLINDRICAL_SURFACE('',#200,15.);
#200 = AXIS2_PLACEMENT_3D('',#201,#202,#203);
#201 = CARTESIAN_POINT('',(-67.5,-67.5,0.));
#202 = DIRECTION('',(0.,0.,1.));
#203 = DIRECTION('',(-1.,-0.,0.));
#204 = ADVANCED_FACE('',(#205),#224,.T.);
#205 = FACE_BOUND('',#206,.F.);
#206 = EDGE_LOOP('',(#207,#216,#222,#223));
#207 = ORIENTED_EDGE('',*,*,#208,.T.);
#208 = EDGE_CURVE('',#40,#209,#211,.T.);
#209 = VERTEX_POINT('',#210);
#210 = CARTESIAN_POINT('',(-67.5,82.5,0.));
#211 = CIRCLE('',#212,15.);
#212 = AXIS2_PLACEMENT_3D('',#213,#214,#215);
#213 = CARTESIAN_POINT('',(-67.5,67.5,0.));
#214 = DIRECTION('',(-0.,-0.,-1.));
#215 = DIRECTION('',(0.,-1.,0.));
#216 = ORIENTED_EDGE('',*,*,#217,.T.);
#217 = EDGE_CURVE('',#209,#106,#218,.T.);
#218 = LINE('',#219,#220);
#219 = CARTESIAN_POINT('',(-67.5,82.5,0.));
#220 = VECTOR('',#221,1.);
#221 = DIRECTION('',(0.,0.,1.));
#222 = ORIENTED_EDGE('',*,*,#113,.F.);
#223 = ORIENTED_EDGE('',*,*,#47,.F.);
#224 = CYLINDRICAL_SURFACE('',#225,15.);
#225 = AXIS2_PLACEMENT_3D('',#226,#227,#228);
#226 = CARTESIAN_POINT('',(-67.5,67.5,0.));
#227 = DIRECTION('',(0.,0.,1.));
#228 = DIRECTION('',(-1.,-0.,0.));
#229 = ADVANCED_FACE('',(#230,#275,#286,#297,#308,#319),#330,.F.);
#230 = FACE_BOUND('',#231,.F.);
#231 = EDGE_LOOP('',(#232,#233,#234,#242,#251,#259,#268,#274));
#232 = ORIENTED_EDGE('',*,*,#39,.F.);
#233 = ORIENTED_EDGE('',*,*,#183,.T.);
#234 = ORIENTED_EDGE('',*,*,#235,.T.);
#235 = EDGE_CURVE('',#184,#236,#238,.T.);
#236 = VERTEX_POINT('',#237);
#237 = CARTESIAN_POINT('',(67.5,-82.5,0.));
#238 = LINE('',#239,#240);
#239 = CARTESIAN_POINT('',(-82.5,-82.5,0.));
#240 = VECTOR('',#241,1.);
#241 = DIRECTION('',(1.,0.,-0.));
#242 = ORIENTED_EDGE('',*,*,#243,.F.);
#243 = EDGE_CURVE('',#244,#236,#246,.T.);
#244 = VERTEX_POINT('',#245);
#245 = CARTESIAN_POINT('',(82.5,-67.5,0.));
#246 = CIRCLE('',#247,15.);
#247 = AXIS2_PLACEMENT_3D('',#248,#249,#250);
#248 = CARTESIAN_POINT('',(67.5,-67.5,0.));
#249 = DIRECTION('',(-0.,-0.,-1.));
#250 = DIRECTION('',(0.,-1.,0.));
#251 = ORIENTED_EDGE('',*,*,#252,.T.);
#252 = EDGE_CURVE('',#244,#253,#255,.T.);
#253 = VERTEX_POINT('',#254);
#254 = CARTESIAN_POINT('',(82.5,67.5,0.));
#255 = LINE('',#256,#257);
#256 = CARTESIAN_POINT('',(82.5,-82.5,0.));
#257 = VECTOR('',#258,1.);
#258 = DIRECTION('',(-0.,1.,0.));
#259 = ORIENTED_EDGE('',*,*,#260,.T.);
#260 = EDGE_CURVE('',#253,#261,#263,.T.);
#261 = VERTEX_POINT('',#262);
#262 = CARTESIAN_POINT('',(67.5,82.5,0.));
#263 = CIRCLE('',#264,15.);
#264 = AXIS2_PLACEMENT_3D('',#265,#266,#267);
#265 = CARTESIAN_POINT('',(67.5,67.5,0.));
#266 = DIRECTION('',(0.,0.,1.));
#267 = DIRECTION('',(0.,-1.,0.));
#268 = ORIENTED_EDGE('',*,*,#269,.F.);
#269 = EDGE_CURVE('',#209,#261,#270,.T.);
#270 = LINE('',#271,#272);
#271 = CARTESIAN_POINT('',(-82.5,82.5,0.));
#272 = VECTOR('',#273,1.);
#273 = DIRECTION('',(1.,0.,-0.));
#274 = ORIENTED_EDGE('',*,*,#208,.F.);
#275 = FACE_BOUND('',#276,.F.);
#276 = EDGE_LOOP('',(#277));
#277 = ORIENTED_EDGE('',*,*,#278,.F.);
#278 = EDGE_CURVE('',#279,#279,#281,.T.);
#279 = VERTEX_POINT('',#280);
#280 = CARTESIAN_POINT('',(-57.75,-65.,0.));
#281 = CIRCLE('',#282,7.25);
#282 = AXIS2_PLACEMENT_3D('',#283,#284,#285);
#283 = CARTESIAN_POINT('',(-65.,-65.,0.));
#284 = DIRECTION('',(0.,0.,1.));
#285 = DIRECTION('',(1.,0.,-0.));
#286 = FACE_BOUND('',#287,.F.);
#287 = EDGE_LOOP('',(#288));
#288 = ORIENTED_EDGE('',*,*,#289,.F.);
#289 = EDGE_CURVE('',#290,#290,#292,.T.);
#290 = VERTEX_POINT('',#291);
#291 = CARTESIAN_POINT('',(72.25,-65.,0.));
#292 = CIRCLE('',#293,7.25);
#293 = AXIS2_PLACEMENT_3D('',#294,#295,#296);
#294 = CARTESIAN_POINT('',(65.,-65.,0.));
#295 = DIRECTION('',(0.,0.,1.));
#296 = DIRECTION('',(1.,0.,-0.));
#297 = FACE_BOUND('',#298,.F.);
#298 = EDGE_LOOP('',(#299));
#299 = ORIENTED_EDGE('',*,*,#300,.F.);
#300 = EDGE_CURVE('',#301,#301,#303,.T.);
#301 = VERTEX_POINT('',#302);
#302 = CARTESIAN_POINT('',(-57.75,65.,0.));
#303 = CIRCLE('',#304,7.25);
#304 = AXIS2_PLACEMENT_3D('',#305,#306,#307);
#305 = CARTESIAN_POINT('',(-65.,65.,0.));
#306 = DIRECTION('',(0.,0.,1.));
#307 = DIRECTION('',(1.,0.,-0.));
#308 = FACE_BOUND('',#309,.F.);
#309 = EDGE_LOOP('',(#310));
#310 = ORIENTED_EDGE('',*,*,#311,.F.);
#311 = EDGE_CURVE('',#312,#312,#314,.T.);
#312 = VERTEX_POINT('',#313);
#313 = CARTESIAN_POINT('',(52.,-1.273632671113E-14,0.));
#314 = CIRCLE('',#315,52.);
#315 = AXIS2_PLACEMENT_3D('',#316,#317,#318);
#316 = CARTESIAN_POINT('',(0.,0.,0.));
#317 = DIRECTION('',(0.,0.,1.));
#318 = DIRECTION('',(1.,0.,-0.));
#319 = FACE_BOUND('',#320,.F.);
#320 = EDGE_LOOP('',(#321));
#321 = ORIENTED_EDGE('',*,*,#322,.F.);
#322 = EDGE_CURVE('',#323,#323,#325,.T.);
#323 = VERTEX_POINT('',#324);
#324 = CARTESIAN_POINT('',(72.25,65.,0.));
#325 = CIRCLE('',#326,7.25);
#326 = AXIS2_PLACEMENT_3D('',#327,#328,#329);
#327 = CARTESIAN_POINT('',(65.,65.,0.));
#328 = DIRECTION('',(0.,0.,1.));
#329 = DIRECTION('',(1.,0.,-0.));
#330 = PLANE('',#331);
#331 = AXIS2_PLACEMENT_3D('',#332,#333,#334);
#332 = CARTESIAN_POINT('',(-82.5,-82.5,0.));
#333 = DIRECTION('',(0.,0.,1.));
#334 = DIRECTION('',(1.,0.,-0.));
#335 = ADVANCED_FACE('',(#336),#347,.F.);
#336 = FACE_BOUND('',#337,.F.);
#337 = EDGE_LOOP('',(#338,#339,#340,#341));
#338 = ORIENTED_EDGE('',*,*,#235,.F.);
#339 = ORIENTED_EDGE('',*,*,#192,.T.);
#340 = ORIENTED_EDGE('',*,*,#71,.T.);
#341 = ORIENTED_EDGE('',*,*,#342,.F.);
#342 = EDGE_CURVE('',#236,#72,#343,.T.);
#343 = LINE('',#344,#345);
#344 = CARTESIAN_POINT('',(67.5,-82.5,0.));
#345 = VECTOR('',#346,1.);
#346 = DIRECTION('',(0.,0.,1.));
#347 = PLANE('',#348);
#348 = AXIS2_PLACEMENT_3D('',#349,#350,#351);
#349 = CARTESIAN_POINT('',(-82.5,-82.5,0.));
#350 = DIRECTION('',(-0.,1.,0.));
#351 = DIRECTION('',(0.,0.,1.));
#352 = ADVANCED_FACE('',(#353),#364,.T.);
#353 = FACE_BOUND('',#354,.T.);
#354 = EDGE_LOOP('',(#355,#356,#357,#358));
#355 = ORIENTED_EDGE('',*,*,#269,.F.);
#356 = ORIENTED_EDGE('',*,*,#217,.T.);
#357 = ORIENTED_EDGE('',*,*,#105,.T.);
#358 = ORIENTED_EDGE('',*,*,#359,.F.);
#359 = EDGE_CURVE('',#261,#97,#360,.T.);
#360 = LINE('',#361,#362);
#361 = CARTESIAN_POINT('',(67.5,82.5,0.));
#362 = VECTOR('',#363,1.);
#363 = DIRECTION('',(0.,0.,1.));
#364 = PLANE('',#365);
#365 = AXIS2_PLACEMENT_3D('',#366,#367,#368);
#366 = CARTESIAN_POINT('',(-82.5,82.5,0.));
#367 = DIRECTION('',(-0.,1.,0.));
#368 = DIRECTION('',(0.,0.,1.));
#369 = ADVANCED_FACE('',(#370),#381,.T.);
#370 = FACE_BOUND('',#371,.F.);
#371 = EDGE_LOOP('',(#372,#373,#374,#375));
#372 = ORIENTED_EDGE('',*,*,#243,.T.);
#373 = ORIENTED_EDGE('',*,*,#342,.T.);
#374 = ORIENTED_EDGE('',*,*,#79,.F.);
#375 = ORIENTED_EDGE('',*,*,#376,.F.);
#376 = EDGE_CURVE('',#244,#80,#377,.T.);
#377 = LINE('',#378,#379);
#378 = CARTESIAN_POINT('',(82.5,-67.5,0.));
#379 = VECTOR('',#380,1.);
#380 = DIRECTION('',(0.,0.,1.));
#381 = CYLINDRICAL_SURFACE('',#382,15.);
#382 = AXIS2_PLACEMENT_3D('',#383,#384,#385);
#383 = CARTESIAN_POINT('',(67.5,-67.5,0.));
#384 = DIRECTION('',(0.,0.,1.));
#385 = DIRECTION('',(1.,0.,-0.));
#386 = ADVANCED_FACE('',(#387),#398,.T.);
#387 = FACE_BOUND('',#388,.T.);
#388 = EDGE_LOOP('',(#389,#390,#391,#392));
#389 = ORIENTED_EDGE('',*,*,#260,.T.);
#390 = ORIENTED_EDGE('',*,*,#359,.T.);
#391 = ORIENTED_EDGE('',*,*,#96,.F.);
#392 = ORIENTED_EDGE('',*,*,#393,.F.);
#393 = EDGE_CURVE('',#253,#89,#394,.T.);
#394 = LINE('',#395,#396);
#395 = CARTESIAN_POINT('',(82.5,67.5,0.));
#396 = VECTOR('',#397,1.);
#397 = DIRECTION('',(0.,0.,1.));
#398 = CYLINDRICAL_SURFACE('',#399,15.);
#399 = AXIS2_PLACEMENT_3D('',#400,#401,#402);
#400 = CARTESIAN_POINT('',(67.5,67.5,0.));
#401 = DIRECTION('',(0.,0.,1.));
#402 = DIRECTION('',(1.,0.,-0.));
#403 = ADVANCED_FACE('',(#404),#410,.T.);
#404 = FACE_BOUND('',#405,.T.);
#405 = EDGE_LOOP('',(#406,#407,#408,#409));
#406 = ORIENTED_EDGE('',*,*,#88,.F.);
#407 = ORIENTED_EDGE('',*,*,#376,.F.);
#408 = ORIENTED_EDGE('',*,*,#252,.T.);
#409 = ORIENTED_EDGE('',*,*,#393,.T.);
#410 = PLANE('',#411);
#411 = AXIS2_PLACEMENT_3D('',#412,#413,#414);
#412 = CARTESIAN_POINT('',(82.5,-82.5,0.));
#413 = DIRECTION('',(1.,0.,-0.));
#414 = DIRECTION('',(0.,0.,1.));
#415 = ADVANCED_FACE('',(#416),#427,.F.);
#416 = FACE_BOUND('',#417,.F.);
#417 = EDGE_LOOP('',(#418,#419,#425,#426));
#418 = ORIENTED_EDGE('',*,*,#122,.F.);
#419 = ORIENTED_EDGE('',*,*,#420,.F.);
#420 = EDGE_CURVE('',#279,#123,#421,.T.);
#421 = LINE('',#422,#423);
#422 = CARTESIAN_POINT('',(-57.75,-65.,-5.));
#423 = VECTOR('',#424,1.);
#424 = DIRECTION('',(0.,0.,1.));
#425 = ORIENTED_EDGE('',*,*,#278,.T.);
#426 = ORIENTED_EDGE('',*,*,#420,.T.);
#427 = CYLINDRICAL_SURFACE('',#428,7.25);
#428 = AXIS2_PLACEMENT_3D('',#429,#430,#431);
#429 = CARTESIAN_POINT('',(-65.,-65.,-5.));
#430 = DIRECTION('',(0.,0.,1.));
#431 = DIRECTION('',(1.,0.,-0.));
#432 = ADVANCED_FACE('',(#433),#444,.F.);
#433 = FACE_BOUND('',#434,.F.);
#434 = EDGE_LOOP('',(#435,#436,#442,#443));
#435 = ORIENTED_EDGE('',*,*,#133,.F.);
#436 = ORIENTED_EDGE('',*,*,#437,.F.);
#437 = EDGE_CURVE('',#290,#134,#438,.T.);
#438 = LINE('',#439,#440);
#439 = CARTESIAN_POINT('',(72.25,-65.,-5.));
#440 = VECTOR('',#441,1.);
#441 = DIRECTION('',(0.,0.,1.));
#442 = ORIENTED_EDGE('',*,*,#289,.T.);
#443 = ORIENTED_EDGE('',*,*,#437,.T.);
#444 = CYLINDRICAL_SURFACE('',#445,7.25);
#445 = AXIS2_PLACEMENT_3D('',#446,#447,#448);
#446 = CARTESIAN_POINT('',(65.,-65.,-5.));
#447 = DIRECTION('',(0.,0.,1.));
#448 = DIRECTION('',(1.,0.,-0.));
#449 = ADVANCED_FACE('',(#450),#461,.F.);
#450 = FACE_BOUND('',#451,.F.);
#451 = EDGE_LOOP('',(#452,#453,#459,#460));
#452 = ORIENTED_EDGE('',*,*,#144,.F.);
#453 = ORIENTED_EDGE('',*,*,#454,.F.);
#454 = EDGE_CURVE('',#301,#145,#455,.T.);
#455 = LINE('',#456,#457);
#456 = CARTESIAN_POINT('',(-57.75,65.,-5.));
#457 = VECTOR('',#458,1.);
#458 = DIRECTION('',(0.,0.,1.));
#459 = ORIENTED_EDGE('',*,*,#300,.T.);
#460 = ORIENTED_EDGE('',*,*,#454,.T.);
#461 = CYLINDRICAL_SURFACE('',#462,7.25);
#462 = AXIS2_PLACEMENT_3D('',#463,#464,#465);
#463 = CARTESIAN_POINT('',(-65.,65.,-5.));
#464 = DIRECTION('',(0.,0.,1.));
#465 = DIRECTION('',(1.,0.,-0.));
#466 = ADVANCED_FACE('',(#467),#486,.T.);
#467 = FACE_BOUND('',#468,.T.);
#468 = EDGE_LOOP('',(#469,#478,#484,#485));
#469 = ORIENTED_EDGE('',*,*,#470,.F.);
#470 = EDGE_CURVE('',#471,#471,#473,.T.);
#471 = VERTEX_POINT('',#472);
#472 = CARTESIAN_POINT('',(65.,-1.592040838892E-14,41.));
#473 = CIRCLE('',#474,65.);
#474 = AXIS2_PLACEMENT_3D('',#475,#476,#477);
#475 = CARTESIAN_POINT('',(0.,0.,41.));
#476 = DIRECTION('',(0.,0.,1.));
#477 = DIRECTION('',(1.,0.,-0.));
#478 = ORIENTED_EDGE('',*,*,#479,.F.);
#479 = EDGE_CURVE('',#156,#471,#480,.T.);
#480 = LINE('',#481,#482);
#481 = CARTESIAN_POINT('',(75.,-1.836970198721E-14,16.));
#482 = VECTOR('',#483,1.);
#483 = DIRECTION('',(-0.371390676354,9.096448060604E-17,0.928476690885)
  );
#484 = ORIENTED_EDGE('',*,*,#155,.T.);
#485 = ORIENTED_EDGE('',*,*,#479,.T.);
#486 = CONICAL_SURFACE('',#487,75.,0.380506377112);
#487 = AXIS2_PLACEMENT_3D('',#488,#489,#490);
#488 = CARTESIAN_POINT('',(0.,0.,16.));
#489 = DIRECTION('',(-0.,-0.,-1.));
#490 = DIRECTION('',(1.,0.,-0.));
#491 = ADVANCED_FACE('',(#492),#503,.F.);
#492 = FACE_BOUND('',#493,.F.);
#493 = EDGE_LOOP('',(#494,#495,#501,#502));
#494 = ORIENTED_EDGE('',*,*,#166,.F.);
#495 = ORIENTED_EDGE('',*,*,#496,.F.);
#496 = EDGE_CURVE('',#323,#167,#497,.T.);
#497 = LINE('',#498,#499);
#498 = CARTESIAN_POINT('',(72.25,65.,-5.));
#499 = VECTOR('',#500,1.);
#500 = DIRECTION('',(0.,0.,1.));
#501 = ORIENTED_EDGE('',*,*,#322,.T.);
#502 = ORIENTED_EDGE('',*,*,#496,.T.);
#503 = CYLINDRICAL_SURFACE('',#504,7.25);
#504 = AXIS2_PLACEMENT_3D('',#505,#506,#507);
#505 = CARTESIAN_POINT('',(65.,65.,-5.));
#506 = DIRECTION('',(0.,0.,1.));
#507 = DIRECTION('',(1.,0.,-0.));
#508 = ADVANCED_FACE('',(#509),#528,.F.);
#509 = FACE_BOUND('',#510,.F.);
#510 = EDGE_LOOP('',(#511,#520,#526,#527));
#511 = ORIENTED_EDGE('',*,*,#512,.F.);
#512 = EDGE_CURVE('',#513,#513,#515,.T.);
#513 = VERTEX_POINT('',#514);
#514 = CARTESIAN_POINT('',(52.,-1.273632671113E-14,40.));
#515 = CIRCLE('',#516,52.);
#516 = AXIS2_PLACEMENT_3D('',#517,#518,#519);
#517 = CARTESIAN_POINT('',(0.,0.,40.));
#518 = DIRECTION('',(0.,0.,1.));
#519 = DIRECTION('',(1.,0.,-0.));
#520 = ORIENTED_EDGE('',*,*,#521,.F.);
#521 = EDGE_CURVE('',#312,#513,#522,.T.);
#522 = LINE('',#523,#524);
#523 = CARTESIAN_POINT('',(52.,-1.273632671113E-14,-2.));
#524 = VECTOR('',#525,1.);
#525 = DIRECTION('',(0.,0.,1.));
#526 = ORIENTED_EDGE('',*,*,#311,.T.);
#527 = ORIENTED_EDGE('',*,*,#521,.T.);
#528 = CYLINDRICAL_SURFACE('',#529,52.);
#529 = AXIS2_PLACEMENT_3D('',#530,#531,#532);
#530 = CARTESIAN_POINT('',(0.,0.,-2.));
#531 = DIRECTION('',(0.,0.,1.));
#532 = DIRECTION('',(1.,0.,-0.));
#533 = ADVANCED_FACE('',(#534),#553,.T.);
#534 = FACE_BOUND('',#535,.T.);
#535 = EDGE_LOOP('',(#536,#544,#551,#552));
#536 = ORIENTED_EDGE('',*,*,#537,.T.);
#537 = EDGE_CURVE('',#471,#538,#540,.T.);
#538 = VERTEX_POINT('',#539);
#539 = CARTESIAN_POINT('',(65.,-1.592040838892E-14,150.));
#540 = LINE('',#541,#542);
#541 = CARTESIAN_POINT('',(65.,-1.592040838892E-14,16.));
#542 = VECTOR('',#543,1.);
#543 = DIRECTION('',(0.,0.,1.));
#544 = ORIENTED_EDGE('',*,*,#545,.F.);
#545 = EDGE_CURVE('',#538,#538,#546,.T.);
#546 = CIRCLE('',#547,65.);
#547 = AXIS2_PLACEMENT_3D('',#548,#549,#550);
#548 = CARTESIAN_POINT('',(0.,0.,150.));
#549 = DIRECTION('',(0.,0.,1.));
#550 = DIRECTION('',(1.,0.,-0.));
#551 = ORIENTED_EDGE('',*,*,#537,.F.);
#552 = ORIENTED_EDGE('',*,*,#470,.T.);
#553 = CYLINDRICAL_SURFACE('',#554,65.);
#554 = AXIS2_PLACEMENT_3D('',#555,#556,#557);
#555 = CARTESIAN_POINT('',(0.,0.,16.));
#556 = DIRECTION('',(0.,0.,1.));
#557 = DIRECTION('',(1.,0.,-0.));
#558 = ADVANCED_FACE('',(#559),#578,.F.);
#559 = FACE_BOUND('',#560,.F.);
#560 = EDGE_LOOP('',(#561,#570,#576,#577));
#561 = ORIENTED_EDGE('',*,*,#562,.F.);
#562 = EDGE_CURVE('',#563,#563,#565,.T.);
#563 = VERTEX_POINT('',#564);
#564 = CARTESIAN_POINT('',(52.,-1.273632671113E-14,43.));
#565 = CIRCLE('',#566,52.);
#566 = AXIS2_PLACEMENT_3D('',#567,#568,#569);
#567 = CARTESIAN_POINT('',(0.,0.,43.));
#568 = DIRECTION('',(0.,0.,1.));
#569 = DIRECTION('',(1.,0.,-0.));
#570 = ORIENTED_EDGE('',*,*,#571,.F.);
#571 = EDGE_CURVE('',#513,#563,#572,.T.);
#572 = LINE('',#573,#574);
#573 = CARTESIAN_POINT('',(52.,-1.273632671113E-14,40.));
#574 = VECTOR('',#575,1.);
#575 = DIRECTION('',(0.,0.,1.));
#576 = ORIENTED_EDGE('',*,*,#512,.T.);
#577 = ORIENTED_EDGE('',*,*,#571,.T.);
#578 = CYLINDRICAL_SURFACE('',#579,52.);
#579 = AXIS2_PLACEMENT_3D('',#580,#581,#582);
#580 = CARTESIAN_POINT('',(0.,0.,40.));
#581 = DIRECTION('',(0.,0.,1.));
#582 = DIRECTION('',(1.,0.,-0.));
#583 = ADVANCED_FACE('',(#584,#587),#598,.T.);
#584 = FACE_BOUND('',#585,.T.);
#585 = EDGE_LOOP('',(#586));
#586 = ORIENTED_EDGE('',*,*,#545,.T.);
#587 = FACE_BOUND('',#588,.T.);
#588 = EDGE_LOOP('',(#589));
#589 = ORIENTED_EDGE('',*,*,#590,.F.);
#590 = EDGE_CURVE('',#591,#591,#593,.T.);
#591 = VERTEX_POINT('',#592);
#592 = CARTESIAN_POINT('',(52.,-1.273632671113E-14,150.));
#593 = CIRCLE('',#594,52.);
#594 = AXIS2_PLACEMENT_3D('',#595,#596,#597);
#595 = CARTESIAN_POINT('',(0.,0.,150.));
#596 = DIRECTION('',(0.,0.,1.));
#597 = DIRECTION('',(1.,0.,-0.));
#598 = PLANE('',#599);
#599 = AXIS2_PLACEMENT_3D('',#600,#601,#602);
#600 = CARTESIAN_POINT('',(0.,0.,150.));
#601 = DIRECTION('',(0.,0.,1.));
#602 = DIRECTION('',(1.,0.,-0.));
#603 = ADVANCED_FACE('',(#604),#615,.F.);
#604 = FACE_BOUND('',#605,.F.);
#605 = EDGE_LOOP('',(#606,#612,#613,#614));
#606 = ORIENTED_EDGE('',*,*,#607,.T.);
#607 = EDGE_CURVE('',#563,#591,#608,.T.);
#608 = LINE('',#609,#610);
#609 = CARTESIAN_POINT('',(52.,-1.273632671113E-14,40.));
#610 = VECTOR('',#611,1.);
#611 = DIRECTION('',(0.,0.,1.));
#612 = ORIENTED_EDGE('',*,*,#590,.F.);
#613 = ORIENTED_EDGE('',*,*,#607,.F.);
#614 = ORIENTED_EDGE('',*,*,#562,.T.);
#615 = CYLINDRICAL_SURFACE('',#616,52.);
#616 = AXIS2_PLACEMENT_3D('',#617,#618,#619);
#617 = CARTESIAN_POINT('',(0.,0.,40.));
#618 = DIRECTION('',(0.,0.,1.));
#619 = DIRECTION('',(1.,0.,-0.));
#620 = MANIFOLD_SOLID_BREP('',#621);
#621 = CLOSED_SHELL('',(#622,#655,#714,#734,#765,#789,#813,#837,#861,
    #878,#903,#964,#989,#1014,#1039,#1064,#1073,#1082,#1091));
#622 = ADVANCED_FACE('',(#623),#650,.T.);
#623 = FACE_BOUND('',#624,.T.);
#624 = EDGE_LOOP('',(#625,#634,#642,#649));
#625 = ORIENTED_EDGE('',*,*,#626,.F.);
#626 = EDGE_CURVE('',#627,#627,#629,.T.);
#627 = VERTEX_POINT('',#628);
#628 = CARTESIAN_POINT('',(54.5,-1.334865011071E-14,195.));
#629 = CIRCLE('',#630,54.5);
#630 = AXIS2_PLACEMENT_3D('',#631,#632,#633);
#631 = CARTESIAN_POINT('',(0.,0.,195.));
#632 = DIRECTION('',(0.,0.,1.));
#633 = DIRECTION('',(1.,0.,-0.));
#634 = ORIENTED_EDGE('',*,*,#635,.F.);
#635 = EDGE_CURVE('',#636,#627,#638,.T.);
#636 = VERTEX_POINT('',#637);
#637 = CARTESIAN_POINT('',(54.5,-1.334865011071E-14,80.));
#638 = LINE('',#639,#640);
#639 = CARTESIAN_POINT('',(54.5,-1.334865011071E-14,80.));
#640 = VECTOR('',#641,1.);
#641 = DIRECTION('',(0.,0.,1.));
#642 = ORIENTED_EDGE('',*,*,#643,.T.);
#643 = EDGE_CURVE('',#636,#636,#644,.T.);
#644 = CIRCLE('',#645,54.5);
#645 = AXIS2_PLACEMENT_3D('',#646,#647,#648);
#646 = CARTESIAN_POINT('',(0.,0.,80.));
#647 = DIRECTION('',(0.,0.,1.));
#648 = DIRECTION('',(1.,0.,-0.));
#649 = ORIENTED_EDGE('',*,*,#635,.T.);
#650 = CYLINDRICAL_SURFACE('',#651,54.5);
#651 = AXIS2_PLACEMENT_3D('',#652,#653,#654);
#652 = CARTESIAN_POINT('',(0.,0.,80.));
#653 = DIRECTION('',(0.,0.,1.));
#654 = DIRECTION('',(1.,0.,-0.));
#655 = ADVANCED_FACE('',(#656,#706),#709,.F.);
#656 = FACE_BOUND('',#657,.F.);
#657 = EDGE_LOOP('',(#658,#668,#676,#684,#692,#700));
#658 = ORIENTED_EDGE('',*,*,#659,.T.);
#659 = EDGE_CURVE('',#660,#662,#664,.T.);
#660 = VERTEX_POINT('',#661);
#661 = CARTESIAN_POINT('',(62.527034153236,36.1,195.));
#662 = VERTEX_POINT('',#663);
#663 = CARTESIAN_POINT('',(4.420974944922E-15,72.2,195.));
#664 = LINE('',#665,#666);
#665 = CARTESIAN_POINT('',(62.527034153236,36.1,195.));
#666 = VECTOR('',#667,1.);
#667 = DIRECTION('',(-0.866025403784,0.5,0.));
#668 = ORIENTED_EDGE('',*,*,#669,.T.);
#669 = EDGE_CURVE('',#662,#670,#672,.T.);
#670 = VERTEX_POINT('',#671);
#671 = CARTESIAN_POINT('',(-62.52703415323,36.1,195.));
#672 = LINE('',#673,#674);
#673 = CARTESIAN_POINT('',(4.420974944922E-15,72.2,195.));
#674 = VECTOR('',#675,1.);
#675 = DIRECTION('',(-0.866025403784,-0.5,0.));
#676 = ORIENTED_EDGE('',*,*,#677,.T.);
#677 = EDGE_CURVE('',#670,#678,#680,.T.);
#678 = VERTEX_POINT('',#679);
#679 = CARTESIAN_POINT('',(-62.52703415323,-36.1,195.));
#680 = LINE('',#681,#682);
#681 = CARTESIAN_POINT('',(-62.52703415323,36.1,195.));
#682 = VECTOR('',#683,1.);
#683 = DIRECTION('',(9.841312129641E-17,-1.,0.));
#684 = ORIENTED_EDGE('',*,*,#685,.T.);
#685 = EDGE_CURVE('',#678,#686,#688,.T.);
#686 = VERTEX_POINT('',#687);
#687 = CARTESIAN_POINT('',(-1.326292483477E-14,-72.2,195.));
#688 = LINE('',#689,#690);
#689 = CARTESIAN_POINT('',(-62.52703415323,-36.1,195.));
#690 = VECTOR('',#691,1.);
#691 = DIRECTION('',(0.866025403784,-0.5,0.));
#692 = ORIENTED_EDGE('',*,*,#693,.T.);
#693 = EDGE_CURVE('',#686,#694,#696,.T.);
#694 = VERTEX_POINT('',#695);
#695 = CARTESIAN_POINT('',(62.527034153236,-36.1,195.));
#696 = LINE('',#697,#698);
#697 = CARTESIAN_POINT('',(-1.326292483477E-14,-72.2,195.));
#698 = VECTOR('',#699,1.);
#699 = DIRECTION('',(0.866025403784,0.5,0.));
#700 = ORIENTED_EDGE('',*,*,#701,.T.);
#701 = EDGE_CURVE('',#694,#660,#702,.T.);
#702 = LINE('',#703,#704);
#703 = CARTESIAN_POINT('',(62.527034153236,-36.1,195.));
#704 = VECTOR('',#705,1.);
#705 = DIRECTION('',(3.936524851857E-16,1.,0.));
#706 = FACE_BOUND('',#707,.F.);
#707 = EDGE_LOOP('',(#708));
#708 = ORIENTED_EDGE('',*,*,#626,.F.);
#709 = PLANE('',#710);
#710 = AXIS2_PLACEMENT_3D('',#711,#712,#713);
#711 = CARTESIAN_POINT('',(-6.29843976297E-15,-5.248699802475E-16,195.)
  );
#712 = DIRECTION('',(0.,0.,1.));
#713 = DIRECTION('',(1.,0.,-0.));
#714 = ADVANCED_FACE('',(#715,#718),#729,.F.);
#715 = FACE_BOUND('',#716,.F.);
#716 = EDGE_LOOP('',(#717));
#717 = ORIENTED_EDGE('',*,*,#643,.T.);
#718 = FACE_BOUND('',#719,.F.);
#719 = EDGE_LOOP('',(#720));
#720 = ORIENTED_EDGE('',*,*,#721,.F.);
#721 = EDGE_CURVE('',#722,#722,#724,.T.);
#722 = VERTEX_POINT('',#723);
#723 = CARTESIAN_POINT('',(43.,-1.053196247267E-14,80.));
#724 = CIRCLE('',#725,43.);
#725 = AXIS2_PLACEMENT_3D('',#726,#727,#728);
#726 = CARTESIAN_POINT('',(0.,0.,80.));
#727 = DIRECTION('',(0.,0.,1.));
#728 = DIRECTION('',(1.,0.,-0.));
#729 = PLANE('',#730);
#730 = AXIS2_PLACEMENT_3D('',#731,#732,#733);
#731 = CARTESIAN_POINT('',(0.,0.,80.));
#732 = DIRECTION('',(0.,0.,1.));
#733 = DIRECTION('',(1.,0.,-0.));
#734 = ADVANCED_FACE('',(#735),#760,.F.);
#735 = FACE_BOUND('',#736,.F.);
#736 = EDGE_LOOP('',(#737,#745,#753,#759));
#737 = ORIENTED_EDGE('',*,*,#738,.T.);
#738 = EDGE_CURVE('',#660,#739,#741,.T.);
#739 = VERTEX_POINT('',#740);
#740 = CARTESIAN_POINT('',(62.527034153236,36.1,213.));
#741 = LINE('',#742,#743);
#742 = CARTESIAN_POINT('',(62.527034153236,36.1,195.));
#743 = VECTOR('',#744,1.);
#744 = DIRECTION('',(0.,0.,1.));
#745 = ORIENTED_EDGE('',*,*,#746,.T.);
#746 = EDGE_CURVE('',#739,#747,#749,.T.);
#747 = VERTEX_POINT('',#748);
#748 = CARTESIAN_POINT('',(4.420974944922E-15,72.2,213.));
#749 = LINE('',#750,#751);
#750 = CARTESIAN_POINT('',(62.527034153236,36.1,213.));
#751 = VECTOR('',#752,1.);
#752 = DIRECTION('',(-0.866025403784,0.5,0.));
#753 = ORIENTED_EDGE('',*,*,#754,.F.);
#754 = EDGE_CURVE('',#662,#747,#755,.T.);
#755 = LINE('',#756,#757);
#756 = CARTESIAN_POINT('',(4.420974944922E-15,72.2,195.));
#757 = VECTOR('',#758,1.);
#758 = DIRECTION('',(0.,0.,1.));
#759 = ORIENTED_EDGE('',*,*,#659,.F.);
#760 = PLANE('',#761);
#761 = AXIS2_PLACEMENT_3D('',#762,#763,#764);
#762 = CARTESIAN_POINT('',(62.527034153236,36.1,195.));
#763 = DIRECTION('',(-0.5,-0.866025403784,0.));
#764 = DIRECTION('',(-0.866025403784,0.5,0.));
#765 = ADVANCED_FACE('',(#766),#784,.F.);
#766 = FACE_BOUND('',#767,.F.);
#767 = EDGE_LOOP('',(#768,#776,#782,#783));
#768 = ORIENTED_EDGE('',*,*,#769,.T.);
#769 = EDGE_CURVE('',#694,#770,#772,.T.);
#770 = VERTEX_POINT('',#771);
#771 = CARTESIAN_POINT('',(62.527034153236,-36.1,213.));
#772 = LINE('',#773,#774);
#773 = CARTESIAN_POINT('',(62.527034153236,-36.1,195.));
#774 = VECTOR('',#775,1.);
#775 = DIRECTION('',(0.,0.,1.));
#776 = ORIENTED_EDGE('',*,*,#777,.T.);
#777 = EDGE_CURVE('',#770,#739,#778,.T.);
#778 = LINE('',#779,#780);
#779 = CARTESIAN_POINT('',(62.527034153236,-36.1,213.));
#780 = VECTOR('',#781,1.);
#781 = DIRECTION('',(3.936524851857E-16,1.,0.));
#782 = ORIENTED_EDGE('',*,*,#738,.F.);
#783 = ORIENTED_EDGE('',*,*,#701,.F.);
#784 = PLANE('',#785);
#785 = AXIS2_PLACEMENT_3D('',#786,#787,#788);
#786 = CARTESIAN_POINT('',(62.527034153236,-36.1,195.));
#787 = DIRECTION('',(-1.,3.936524851857E-16,0.));
#788 = DIRECTION('',(3.936524851857E-16,1.,0.));
#789 = ADVANCED_FACE('',(#790),#808,.F.);
#790 = FACE_BOUND('',#791,.F.);
#791 = EDGE_LOOP('',(#792,#793,#801,#807));
#792 = ORIENTED_EDGE('',*,*,#754,.T.);
#793 = ORIENTED_EDGE('',*,*,#794,.T.);
#794 = EDGE_CURVE('',#747,#795,#797,.T.);
#795 = VERTEX_POINT('',#796);
#796 = CARTESIAN_POINT('',(-62.52703415323,36.1,213.));
#797 = LINE('',#798,#799);
#798 = CARTESIAN_POINT('',(4.420974944922E-15,72.2,213.));
#799 = VECTOR('',#800,1.);
#800 = DIRECTION('',(-0.866025403784,-0.5,0.));
#801 = ORIENTED_EDGE('',*,*,#802,.F.);
#802 = EDGE_CURVE('',#670,#795,#803,.T.);
#803 = LINE('',#804,#805);
#804 = CARTESIAN_POINT('',(-62.52703415323,36.1,195.));
#805 = VECTOR('',#806,1.);
#806 = DIRECTION('',(0.,0.,1.));
#807 = ORIENTED_EDGE('',*,*,#669,.F.);
#808 = PLANE('',#809);
#809 = AXIS2_PLACEMENT_3D('',#810,#811,#812);
#810 = CARTESIAN_POINT('',(4.420974944922E-15,72.2,195.));
#811 = DIRECTION('',(0.5,-0.866025403784,0.));
#812 = DIRECTION('',(-0.866025403784,-0.5,0.));
#813 = ADVANCED_FACE('',(#814),#832,.F.);
#814 = FACE_BOUND('',#815,.F.);
#815 = EDGE_LOOP('',(#816,#824,#830,#831));
#816 = ORIENTED_EDGE('',*,*,#817,.T.);
#817 = EDGE_CURVE('',#686,#818,#820,.T.);
#818 = VERTEX_POINT('',#819);
#819 = CARTESIAN_POINT('',(-1.326292483477E-14,-72.2,213.));
#820 = LINE('',#821,#822);
#821 = CARTESIAN_POINT('',(-1.326292483477E-14,-72.2,195.));
#822 = VECTOR('',#823,1.);
#823 = DIRECTION('',(0.,0.,1.));
#824 = ORIENTED_EDGE('',*,*,#825,.T.);
#825 = EDGE_CURVE('',#818,#770,#826,.T.);
#826 = LINE('',#827,#828);
#827 = CARTESIAN_POINT('',(-1.326292483477E-14,-72.2,213.));
#828 = VECTOR('',#829,1.);
#829 = DIRECTION('',(0.866025403784,0.5,0.));
#830 = ORIENTED_EDGE('',*,*,#769,.F.);
#831 = ORIENTED_EDGE('',*,*,#693,.F.);
#832 = PLANE('',#833);
#833 = AXIS2_PLACEMENT_3D('',#834,#835,#836);
#834 = CARTESIAN_POINT('',(-1.326292483477E-14,-72.2,195.));
#835 = DIRECTION('',(-0.5,0.866025403784,0.));
#836 = DIRECTION('',(0.866025403784,0.5,0.));
#837 = ADVANCED_FACE('',(#838),#856,.F.);
#838 = FACE_BOUND('',#839,.F.);
#839 = EDGE_LOOP('',(#840,#841,#849,#855));
#840 = ORIENTED_EDGE('',*,*,#802,.T.);
#841 = ORIENTED_EDGE('',*,*,#842,.T.);
#842 = EDGE_CURVE('',#795,#843,#845,.T.);
#843 = VERTEX_POINT('',#844);
#844 = CARTESIAN_POINT('',(-62.52703415323,-36.1,213.));
#845 = LINE('',#846,#847);
#846 = CARTESIAN_POINT('',(-62.52703415323,36.1,213.));
#847 = VECTOR('',#848,1.);
#848 = DIRECTION('',(9.841312129641E-17,-1.,0.));
#849 = ORIENTED_EDGE('',*,*,#850,.F.);
#850 = EDGE_CURVE('',#678,#843,#851,.T.);
#851 = LINE('',#852,#853);
#852 = CARTESIAN_POINT('',(-62.52703415323,-36.1,195.));
#853 = VECTOR('',#854,1.);
#854 = DIRECTION('',(0.,0.,1.));
#855 = ORIENTED_EDGE('',*,*,#677,.F.);
#856 = PLANE('',#857);
#857 = AXIS2_PLACEMENT_3D('',#858,#859,#860);
#858 = CARTESIAN_POINT('',(-62.52703415323,36.1,195.));
#859 = DIRECTION('',(1.,9.841312129641E-17,-0.));
#860 = DIRECTION('',(9.841312129641E-17,-1.,0.));
#861 = ADVANCED_FACE('',(#862),#873,.F.);
#862 = FACE_BOUND('',#863,.F.);
#863 = EDGE_LOOP('',(#864,#865,#871,#872));
#864 = ORIENTED_EDGE('',*,*,#850,.T.);
#865 = ORIENTED_EDGE('',*,*,#866,.T.);
#866 = EDGE_CURVE('',#843,#818,#867,.T.);
#867 = LINE('',#868,#869);
#868 = CARTESIAN_POINT('',(-62.52703415323,-36.1,213.));
#869 = VECTOR('',#870,1.);
#870 = DIRECTION('',(0.866025403784,-0.5,0.));
#871 = ORIENTED_EDGE('',*,*,#817,.F.);
#872 = ORIENTED_EDGE('',*,*,#685,.F.);
#873 = PLANE('',#874);
#874 = AXIS2_PLACEMENT_3D('',#875,#876,#877);
#875 = CARTESIAN_POINT('',(-62.52703415323,-36.1,195.));
#876 = DIRECTION('',(0.5,0.866025403784,-0.));
#877 = DIRECTION('',(0.866025403784,-0.5,0.));
#878 = ADVANCED_FACE('',(#879),#898,.F.);
#879 = FACE_BOUND('',#880,.F.);
#880 = EDGE_LOOP('',(#881,#890,#896,#897));
#881 = ORIENTED_EDGE('',*,*,#882,.F.);
#882 = EDGE_CURVE('',#883,#883,#885,.T.);
#883 = VERTEX_POINT('',#884);
#884 = CARTESIAN_POINT('',(43.,-1.053196247267E-14,213.));
#885 = CIRCLE('',#886,43.);
#886 = AXIS2_PLACEMENT_3D('',#887,#888,#889);
#887 = CARTESIAN_POINT('',(0.,0.,213.));
#888 = DIRECTION('',(0.,0.,1.));
#889 = DIRECTION('',(1.,0.,-0.));
#890 = ORIENTED_EDGE('',*,*,#891,.F.);
#891 = EDGE_CURVE('',#722,#883,#892,.T.);
#892 = LINE('',#893,#894);
#893 = CARTESIAN_POINT('',(43.,-1.053196247267E-14,75.));
#894 = VECTOR('',#895,1.);
#895 = DIRECTION('',(0.,0.,1.));
#896 = ORIENTED_EDGE('',*,*,#721,.T.);
#897 = ORIENTED_EDGE('',*,*,#891,.T.);
#898 = CYLINDRICAL_SURFACE('',#899,43.);
#899 = AXIS2_PLACEMENT_3D('',#900,#901,#902);
#900 = CARTESIAN_POINT('',(0.,0.,75.));
#901 = DIRECTION('',(0.,0.,1.));
#902 = DIRECTION('',(1.,0.,-0.));
#903 = ADVANCED_FACE('',(#904,#912,#923,#934,#945,#948),#959,.T.);
#904 = FACE_BOUND('',#905,.T.);
#905 = EDGE_LOOP('',(#906,#907,#908,#909,#910,#911));
#906 = ORIENTED_EDGE('',*,*,#746,.T.);
#907 = ORIENTED_EDGE('',*,*,#794,.T.);
#908 = ORIENTED_EDGE('',*,*,#842,.T.);
#909 = ORIENTED_EDGE('',*,*,#866,.T.);
#910 = ORIENTED_EDGE('',*,*,#825,.T.);
#911 = ORIENTED_EDGE('',*,*,#777,.T.);
#912 = FACE_BOUND('',#913,.T.);
#913 = EDGE_LOOP('',(#914));
#914 = ORIENTED_EDGE('',*,*,#915,.F.);
#915 = EDGE_CURVE('',#916,#916,#918,.T.);
#916 = VERTEX_POINT('',#917);
#917 = CARTESIAN_POINT('',(-30.73401871576,-33.23401871576,213.));
#918 = CIRCLE('',#919,2.5);
#919 = AXIS2_PLACEMENT_3D('',#920,#921,#922);
#920 = CARTESIAN_POINT('',(-33.23401871576,-33.23401871576,213.));
#921 = DIRECTION('',(0.,0.,1.));
#922 = DIRECTION('',(1.,0.,-0.));
#923 = FACE_BOUND('',#924,.T.);
#924 = EDGE_LOOP('',(#925));
#925 = ORIENTED_EDGE('',*,*,#926,.F.);
#926 = EDGE_CURVE('',#927,#927,#929,.T.);
#927 = VERTEX_POINT('',#928);
#928 = CARTESIAN_POINT('',(35.734018715768,-33.23401871576,213.));
#929 = CIRCLE('',#930,2.5);
#930 = AXIS2_PLACEMENT_3D('',#931,#932,#933);
#931 = CARTESIAN_POINT('',(33.234018715768,-33.23401871576,213.));
#932 = DIRECTION('',(0.,0.,1.));
#933 = DIRECTION('',(1.,0.,-0.));
#934 = FACE_BOUND('',#935,.T.);
#935 = EDGE_LOOP('',(#936));
#936 = ORIENTED_EDGE('',*,*,#937,.F.);
#937 = EDGE_CURVE('',#938,#938,#940,.T.);
#938 = VERTEX_POINT('',#939);
#939 = CARTESIAN_POINT('',(-30.73401871576,33.234018715768,213.));
#940 = CIRCLE('',#941,2.5);
#941 = AXIS2_PLACEMENT_3D('',#942,#943,#944);
#942 = CARTESIAN_POINT('',(-33.23401871576,33.234018715768,213.));
#943 = DIRECTION('',(0.,0.,1.));
#944 = DIRECTION('',(1.,0.,-0.));
#945 = FACE_BOUND('',#946,.T.);
#946 = EDGE_LOOP('',(#947));
#947 = ORIENTED_EDGE('',*,*,#882,.F.);
#948 = FACE_BOUND('',#949,.T.);
#949 = EDGE_LOOP('',(#950));
#950 = ORIENTED_EDGE('',*,*,#951,.F.);
#951 = EDGE_CURVE('',#952,#952,#954,.T.);
#952 = VERTEX_POINT('',#953);
#953 = CARTESIAN_POINT('',(35.734018715768,33.234018715768,213.));
#954 = CIRCLE('',#955,2.5);
#955 = AXIS2_PLACEMENT_3D('',#956,#957,#958);
#956 = CARTESIAN_POINT('',(33.234018715768,33.234018715768,213.));
#957 = DIRECTION('',(0.,0.,1.));
#958 = DIRECTION('',(1.,0.,-0.));
#959 = PLANE('',#960);
#960 = AXIS2_PLACEMENT_3D('',#961,#962,#963);
#961 = CARTESIAN_POINT('',(-6.29843976297E-15,-5.248699802475E-16,213.)
  );
#962 = DIRECTION('',(0.,0.,1.));
#963 = DIRECTION('',(1.,0.,-0.));
#964 = ADVANCED_FACE('',(#965),#984,.F.);
#965 = FACE_BOUND('',#966,.F.);
#966 = EDGE_LOOP('',(#967,#968,#976,#983));
#967 = ORIENTED_EDGE('',*,*,#915,.F.);
#968 = ORIENTED_EDGE('',*,*,#969,.F.);
#969 = EDGE_CURVE('',#970,#916,#972,.T.);
#970 = VERTEX_POINT('',#971);
#971 = CARTESIAN_POINT('',(-30.73401871576,-33.23401871576,201.));
#972 = LINE('',#973,#974);
#973 = CARTESIAN_POINT('',(-30.73401871576,-33.23401871576,201.));
#974 = VECTOR('',#975,1.);
#975 = DIRECTION('',(0.,0.,1.));
#976 = ORIENTED_EDGE('',*,*,#977,.T.);
#977 = EDGE_CURVE('',#970,#970,#978,.T.);
#978 = CIRCLE('',#979,2.5);
#979 = AXIS2_PLACEMENT_3D('',#980,#981,#982);
#980 = CARTESIAN_POINT('',(-33.23401871576,-33.23401871576,201.));
#981 = DIRECTION('',(0.,0.,1.));
#982 = DIRECTION('',(1.,0.,-0.));
#983 = ORIENTED_EDGE('',*,*,#969,.T.);
#984 = CYLINDRICAL_SURFACE('',#985,2.5);
#985 = AXIS2_PLACEMENT_3D('',#986,#987,#988);
#986 = CARTESIAN_POINT('',(-33.23401871576,-33.23401871576,201.));
#987 = DIRECTION('',(0.,0.,1.));
#988 = DIRECTION('',(1.,0.,-0.));
#989 = ADVANCED_FACE('',(#990),#1009,.F.);
#990 = FACE_BOUND('',#991,.F.);
#991 = EDGE_LOOP('',(#992,#993,#1001,#1008));
#992 = ORIENTED_EDGE('',*,*,#926,.F.);
#993 = ORIENTED_EDGE('',*,*,#994,.F.);
#994 = EDGE_CURVE('',#995,#927,#997,.T.);
#995 = VERTEX_POINT('',#996);
#996 = CARTESIAN_POINT('',(35.734018715768,-33.23401871576,201.));
#997 = LINE('',#998,#999);
#998 = CARTESIAN_POINT('',(35.734018715768,-33.23401871576,201.));
#999 = VECTOR('',#1000,1.);
#1000 = DIRECTION('',(0.,0.,1.));
#1001 = ORIENTED_EDGE('',*,*,#1002,.T.);
#1002 = EDGE_CURVE('',#995,#995,#1003,.T.);
#1003 = CIRCLE('',#1004,2.5);
#1004 = AXIS2_PLACEMENT_3D('',#1005,#1006,#1007);
#1005 = CARTESIAN_POINT('',(33.234018715768,-33.23401871576,201.));
#1006 = DIRECTION('',(0.,0.,1.));
#1007 = DIRECTION('',(1.,0.,-0.));
#1008 = ORIENTED_EDGE('',*,*,#994,.T.);
#1009 = CYLINDRICAL_SURFACE('',#1010,2.5);
#1010 = AXIS2_PLACEMENT_3D('',#1011,#1012,#1013);
#1011 = CARTESIAN_POINT('',(33.234018715768,-33.23401871576,201.));
#1012 = DIRECTION('',(0.,0.,1.));
#1013 = DIRECTION('',(1.,0.,-0.));
#1014 = ADVANCED_FACE('',(#1015),#1034,.F.);
#1015 = FACE_BOUND('',#1016,.F.);
#1016 = EDGE_LOOP('',(#1017,#1018,#1026,#1033));
#1017 = ORIENTED_EDGE('',*,*,#937,.F.);
#1018 = ORIENTED_EDGE('',*,*,#1019,.F.);
#1019 = EDGE_CURVE('',#1020,#938,#1022,.T.);
#1020 = VERTEX_POINT('',#1021);
#1021 = CARTESIAN_POINT('',(-30.73401871576,33.234018715768,201.));
#1022 = LINE('',#1023,#1024);
#1023 = CARTESIAN_POINT('',(-30.73401871576,33.234018715768,201.));
#1024 = VECTOR('',#1025,1.);
#1025 = DIRECTION('',(0.,0.,1.));
#1026 = ORIENTED_EDGE('',*,*,#1027,.T.);
#1027 = EDGE_CURVE('',#1020,#1020,#1028,.T.);
#1028 = CIRCLE('',#1029,2.5);
#1029 = AXIS2_PLACEMENT_3D('',#1030,#1031,#1032);
#1030 = CARTESIAN_POINT('',(-33.23401871576,33.234018715768,201.));
#1031 = DIRECTION('',(0.,0.,1.));
#1032 = DIRECTION('',(1.,0.,-0.));
#1033 = ORIENTED_EDGE('',*,*,#1019,.T.);
#1034 = CYLINDRICAL_SURFACE('',#1035,2.5);
#1035 = AXIS2_PLACEMENT_3D('',#1036,#1037,#1038);
#1036 = CARTESIAN_POINT('',(-33.23401871576,33.234018715768,201.));
#1037 = DIRECTION('',(0.,0.,1.));
#1038 = DIRECTION('',(1.,0.,-0.));
#1039 = ADVANCED_FACE('',(#1040),#1059,.F.);
#1040 = FACE_BOUND('',#1041,.F.);
#1041 = EDGE_LOOP('',(#1042,#1043,#1051,#1058));
#1042 = ORIENTED_EDGE('',*,*,#951,.F.);
#1043 = ORIENTED_EDGE('',*,*,#1044,.F.);
#1044 = EDGE_CURVE('',#1045,#952,#1047,.T.);
#1045 = VERTEX_POINT('',#1046);
#1046 = CARTESIAN_POINT('',(35.734018715768,33.234018715768,201.));
#1047 = LINE('',#1048,#1049);
#1048 = CARTESIAN_POINT('',(35.734018715768,33.234018715768,201.));
#1049 = VECTOR('',#1050,1.);
#1050 = DIRECTION('',(0.,0.,1.));
#1051 = ORIENTED_EDGE('',*,*,#1052,.T.);
#1052 = EDGE_CURVE('',#1045,#1045,#1053,.T.);
#1053 = CIRCLE('',#1054,2.5);
#1054 = AXIS2_PLACEMENT_3D('',#1055,#1056,#1057);
#1055 = CARTESIAN_POINT('',(33.234018715768,33.234018715768,201.));
#1056 = DIRECTION('',(0.,0.,1.));
#1057 = DIRECTION('',(1.,0.,-0.));
#1058 = ORIENTED_EDGE('',*,*,#1044,.T.);
#1059 = CYLINDRICAL_SURFACE('',#1060,2.5);
#1060 = AXIS2_PLACEMENT_3D('',#1061,#1062,#1063);
#1061 = CARTESIAN_POINT('',(33.234018715768,33.234018715768,201.));
#1062 = DIRECTION('',(0.,0.,1.));
#1063 = DIRECTION('',(1.,0.,-0.));
#1064 = ADVANCED_FACE('',(#1065),#1068,.T.);
#1065 = FACE_BOUND('',#1066,.F.);
#1066 = EDGE_LOOP('',(#1067));
#1067 = ORIENTED_EDGE('',*,*,#977,.F.);
#1068 = PLANE('',#1069);
#1069 = AXIS2_PLACEMENT_3D('',#1070,#1071,#1072);
#1070 = CARTESIAN_POINT('',(-33.23401871576,-33.23401871576,201.));
#1071 = DIRECTION('',(0.,0.,1.));
#1072 = DIRECTION('',(1.,0.,-0.));
#1073 = ADVANCED_FACE('',(#1074),#1077,.T.);
#1074 = FACE_BOUND('',#1075,.F.);
#1075 = EDGE_LOOP('',(#1076));
#1076 = ORIENTED_EDGE('',*,*,#1002,.F.);
#1077 = PLANE('',#1078);
#1078 = AXIS2_PLACEMENT_3D('',#1079,#1080,#1081);
#1079 = CARTESIAN_POINT('',(33.234018715768,-33.23401871576,201.));
#1080 = DIRECTION('',(0.,0.,1.));
#1081 = DIRECTION('',(1.,0.,-0.));
#1082 = ADVANCED_FACE('',(#1083),#1086,.T.);
#1083 = FACE_BOUND('',#1084,.F.);
#1084 = EDGE_LOOP('',(#1085));
#1085 = ORIENTED_EDGE('',*,*,#1027,.F.);
#1086 = PLANE('',#1087);
#1087 = AXIS2_PLACEMENT_3D('',#1088,#1089,#1090);
#1088 = CARTESIAN_POINT('',(-33.23401871576,33.234018715768,201.));
#1089 = DIRECTION('',(0.,0.,1.));
#1090 = DIRECTION('',(1.,0.,-0.));
#1091 = ADVANCED_FACE('',(#1092),#1095,.T.);
#1092 = FACE_BOUND('',#1093,.F.);
#1093 = EDGE_LOOP('',(#1094));
#1094 = ORIENTED_EDGE('',*,*,#1052,.F.);
#1095 = PLANE('',#1096);
#1096 = AXIS2_PLACEMENT_3D('',#1097,#1098,#1099);
#1097 = CARTESIAN_POINT('',(33.234018715768,33.234018715768,201.));
#1098 = DIRECTION('',(0.,0.,1.));
#1099 = DIRECTION('',(1.,0.,-0.));
#1100 = MANIFOLD_SOLID_BREP('',#1101);
#1101 = CLOSED_SHELL('',(#1102,#1142,#1173,#1204,#1248,#1292,#1309,#1326
    ,#1338));
#1102 = ADVANCED_FACE('',(#1103),#1137,.F.);
#1103 = FACE_BOUND('',#1104,.F.);
#1104 = EDGE_LOOP('',(#1105,#1115,#1123,#1131));
#1105 = ORIENTED_EDGE('',*,*,#1106,.T.);
#1106 = EDGE_CURVE('',#1107,#1109,#1111,.T.);
#1107 = VERTEX_POINT('',#1108);
#1108 = CARTESIAN_POINT('',(57.504086811287,33.2,150.));
#1109 = VERTEX_POINT('',#1110);
#1110 = CARTESIAN_POINT('',(57.504086811287,33.2,155.));
#1111 = LINE('',#1112,#1113);
#1112 = CARTESIAN_POINT('',(57.504086811287,33.2,150.));
#1113 = VECTOR('',#1114,1.);
#1114 = DIRECTION('',(0.,0.,1.));
#1115 = ORIENTED_EDGE('',*,*,#1116,.T.);
#1116 = EDGE_CURVE('',#1109,#1117,#1119,.T.);
#1117 = VERTEX_POINT('',#1118);
#1118 = CARTESIAN_POINT('',(4.065827373169E-15,66.4,155.));
#1119 = LINE('',#1120,#1121);
#1120 = CARTESIAN_POINT('',(57.504086811287,33.2,155.));
#1121 = VECTOR('',#1122,1.);
#1122 = DIRECTION('',(-0.866025403784,0.5,0.));
#1123 = ORIENTED_EDGE('',*,*,#1124,.F.);
#1124 = EDGE_CURVE('',#1125,#1117,#1127,.T.);
#1125 = VERTEX_POINT('',#1126);
#1126 = CARTESIAN_POINT('',(4.065827373169E-15,66.4,150.));
#1127 = LINE('',#1128,#1129);
#1128 = CARTESIAN_POINT('',(4.065827373169E-15,66.4,150.));
#1129 = VECTOR('',#1130,1.);
#1130 = DIRECTION('',(0.,0.,1.));
#1131 = ORIENTED_EDGE('',*,*,#1132,.F.);
#1132 = EDGE_CURVE('',#1107,#1125,#1133,.T.);
#1133 = LINE('',#1134,#1135);
#1134 = CARTESIAN_POINT('',(57.504086811287,33.2,150.));
#1135 = VECTOR('',#1136,1.);
#1136 = DIRECTION('',(-0.866025403784,0.5,0.));
#1137 = PLANE('',#1138);
#1138 = AXIS2_PLACEMENT_3D('',#1139,#1140,#1141);
#1139 = CARTESIAN_POINT('',(57.504086811287,33.2,150.));
#1140 = DIRECTION('',(-0.5,-0.866025403784,0.));
#1141 = DIRECTION('',(-0.866025403784,0.5,0.));
#1142 = ADVANCED_FACE('',(#1143),#1168,.F.);
#1143 = FACE_BOUND('',#1144,.F.);
#1144 = EDGE_LOOP('',(#1145,#1155,#1161,#1162));
#1145 = ORIENTED_EDGE('',*,*,#1146,.T.);
#1146 = EDGE_CURVE('',#1147,#1149,#1151,.T.);
#1147 = VERTEX_POINT('',#1148);
#1148 = CARTESIAN_POINT('',(57.504086811287,-33.2,150.));
#1149 = VERTEX_POINT('',#1150);
#1150 = CARTESIAN_POINT('',(57.504086811287,-33.2,155.));
#1151 = LINE('',#1152,#1153);
#1152 = CARTESIAN_POINT('',(57.504086811287,-33.2,150.));
#1153 = VECTOR('',#1154,1.);
#1154 = DIRECTION('',(0.,0.,1.));
#1155 = ORIENTED_EDGE('',*,*,#1156,.T.);
#1156 = EDGE_CURVE('',#1149,#1109,#1157,.T.);
#1157 = LINE('',#1158,#1159);
#1158 = CARTESIAN_POINT('',(57.504086811287,-33.2,155.));
#1159 = VECTOR('',#1160,1.);
#1160 = DIRECTION('',(3.210283444699E-16,1.,0.));
#1161 = ORIENTED_EDGE('',*,*,#1106,.F.);
#1162 = ORIENTED_EDGE('',*,*,#1163,.F.);
#1163 = EDGE_CURVE('',#1147,#1107,#1164,.T.);
#1164 = LINE('',#1165,#1166);
#1165 = CARTESIAN_POINT('',(57.504086811287,-33.2,150.));
#1166 = VECTOR('',#1167,1.);
#1167 = DIRECTION('',(3.210283444699E-16,1.,0.));
#1168 = PLANE('',#1169);
#1169 = AXIS2_PLACEMENT_3D('',#1170,#1171,#1172);
#1170 = CARTESIAN_POINT('',(57.504086811287,-33.2,150.));
#1171 = DIRECTION('',(-1.,3.210283444699E-16,0.));
#1172 = DIRECTION('',(3.210283444699E-16,1.,0.));
#1173 = ADVANCED_FACE('',(#1174),#1199,.F.);
#1174 = FACE_BOUND('',#1175,.F.);
#1175 = EDGE_LOOP('',(#1176,#1177,#1185,#1193));
#1176 = ORIENTED_EDGE('',*,*,#1124,.T.);
#1177 = ORIENTED_EDGE('',*,*,#1178,.T.);
#1178 = EDGE_CURVE('',#1117,#1179,#1181,.T.);
#1179 = VERTEX_POINT('',#1180);
#1180 = CARTESIAN_POINT('',(-57.50408681128,33.2,155.));
#1181 = LINE('',#1182,#1183);
#1182 = CARTESIAN_POINT('',(4.065827373169E-15,66.4,155.));
#1183 = VECTOR('',#1184,1.);
#1184 = DIRECTION('',(-0.866025403784,-0.5,0.));
#1185 = ORIENTED_EDGE('',*,*,#1186,.F.);
#1186 = EDGE_CURVE('',#1187,#1179,#1189,.T.);
#1187 = VERTEX_POINT('',#1188);
#1188 = CARTESIAN_POINT('',(-57.50408681128,33.2,150.));
#1189 = LINE('',#1190,#1191);
#1190 = CARTESIAN_POINT('',(-57.50408681128,33.2,150.));
#1191 = VECTOR('',#1192,1.);
#1192 = DIRECTION('',(0.,0.,1.));
#1193 = ORIENTED_EDGE('',*,*,#1194,.F.);
#1194 = EDGE_CURVE('',#1125,#1187,#1195,.T.);
#1195 = LINE('',#1196,#1197);
#1196 = CARTESIAN_POINT('',(4.065827373169E-15,66.4,150.));
#1197 = VECTOR('',#1198,1.);
#1198 = DIRECTION('',(-0.866025403784,-0.5,0.));
#1199 = PLANE('',#1200);
#1200 = AXIS2_PLACEMENT_3D('',#1201,#1202,#1203);
#1201 = CARTESIAN_POINT('',(4.065827373169E-15,66.4,150.));
#1202 = DIRECTION('',(0.5,-0.866025403784,0.));
#1203 = DIRECTION('',(-0.866025403784,-0.5,0.));
#1204 = ADVANCED_FACE('',(#1205,#1232),#1243,.F.);
#1205 = FACE_BOUND('',#1206,.F.);
#1206 = EDGE_LOOP('',(#1207,#1208,#1209,#1217,#1225,#1231));
#1207 = ORIENTED_EDGE('',*,*,#1132,.T.);
#1208 = ORIENTED_EDGE('',*,*,#1194,.T.);
#1209 = ORIENTED_EDGE('',*,*,#1210,.T.);
#1210 = EDGE_CURVE('',#1187,#1211,#1213,.T.);
#1211 = VERTEX_POINT('',#1212);
#1212 = CARTESIAN_POINT('',(-57.50408681128,-33.2,150.));
#1213 = LINE('',#1214,#1215);
#1214 = CARTESIAN_POINT('',(-57.50408681128,33.2,150.));
#1215 = VECTOR('',#1216,1.);
#1216 = DIRECTION('',(1.070094481566E-16,-1.,0.));
#1217 = ORIENTED_EDGE('',*,*,#1218,.T.);
#1218 = EDGE_CURVE('',#1211,#1219,#1221,.T.);
#1219 = VERTEX_POINT('',#1220);
#1220 = CARTESIAN_POINT('',(-1.219748211951E-14,-66.4,150.));
#1221 = LINE('',#1222,#1223);
#1222 = CARTESIAN_POINT('',(-57.50408681128,-33.2,150.));
#1223 = VECTOR('',#1224,1.);
#1224 = DIRECTION('',(0.866025403784,-0.5,0.));
#1225 = ORIENTED_EDGE('',*,*,#1226,.T.);
#1226 = EDGE_CURVE('',#1219,#1147,#1227,.T.);
#1227 = LINE('',#1228,#1229);
#1228 = CARTESIAN_POINT('',(-1.219748211951E-14,-66.4,150.));
#1229 = VECTOR('',#1230,1.);
#1230 = DIRECTION('',(0.866025403784,0.5,0.));
#1231 = ORIENTED_EDGE('',*,*,#1163,.T.);
#1232 = FACE_BOUND('',#1233,.F.);
#1233 = EDGE_LOOP('',(#1234));
#1234 = ORIENTED_EDGE('',*,*,#1235,.F.);
#1235 = EDGE_CURVE('',#1236,#1236,#1238,.T.);
#1236 = VERTEX_POINT('',#1237);
#1237 = CARTESIAN_POINT('',(55.,-1.347111479062E-14,150.));
#1238 = CIRCLE('',#1239,55.);
#1239 = AXIS2_PLACEMENT_3D('',#1240,#1241,#1242);
#1240 = CARTESIAN_POINT('',(0.,0.,150.));
#1241 = DIRECTION('',(0.,0.,1.));
#1242 = DIRECTION('',(1.,0.,-0.));
#1243 = PLANE('',#1244);
#1244 = AXIS2_PLACEMENT_3D('',#1245,#1246,#1247);
#1245 = CARTESIAN_POINT('',(5.707170568354E-16,-3.995019397848E-15,150.)
  );
#1246 = DIRECTION('',(0.,0.,1.));
#1247 = DIRECTION('',(1.,0.,-0.));
#1248 = ADVANCED_FACE('',(#1249,#1276),#1287,.T.);
#1249 = FACE_BOUND('',#1250,.T.);
#1250 = EDGE_LOOP('',(#1251,#1252,#1253,#1261,#1269,#1275));
#1251 = ORIENTED_EDGE('',*,*,#1116,.T.);
#1252 = ORIENTED_EDGE('',*,*,#1178,.T.);
#1253 = ORIENTED_EDGE('',*,*,#1254,.T.);
#1254 = EDGE_CURVE('',#1179,#1255,#1257,.T.);
#1255 = VERTEX_POINT('',#1256);
#1256 = CARTESIAN_POINT('',(-57.50408681128,-33.2,155.));
#1257 = LINE('',#1258,#1259);
#1258 = CARTESIAN_POINT('',(-57.50408681128,33.2,155.));
#1259 = VECTOR('',#1260,1.);
#1260 = DIRECTION('',(1.070094481566E-16,-1.,0.));
#1261 = ORIENTED_EDGE('',*,*,#1262,.T.);
#1262 = EDGE_CURVE('',#1255,#1263,#1265,.T.);
#1263 = VERTEX_POINT('',#1264);
#1264 = CARTESIAN_POINT('',(-1.219748211951E-14,-66.4,155.));
#1265 = LINE('',#1266,#1267);
#1266 = CARTESIAN_POINT('',(-57.50408681128,-33.2,155.));
#1267 = VECTOR('',#1268,1.);
#1268 = DIRECTION('',(0.866025403784,-0.5,0.));
#1269 = ORIENTED_EDGE('',*,*,#1270,.T.);
#1270 = EDGE_CURVE('',#1263,#1149,#1271,.T.);
#1271 = LINE('',#1272,#1273);
#1272 = CARTESIAN_POINT('',(-1.219748211951E-14,-66.4,155.));
#1273 = VECTOR('',#1274,1.);
#1274 = DIRECTION('',(0.866025403784,0.5,0.));
#1275 = ORIENTED_EDGE('',*,*,#1156,.T.);
#1276 = FACE_BOUND('',#1277,.T.);
#1277 = EDGE_LOOP('',(#1278));
#1278 = ORIENTED_EDGE('',*,*,#1279,.F.);
#1279 = EDGE_CURVE('',#1280,#1280,#1282,.T.);
#1280 = VERTEX_POINT('',#1281);
#1281 = CARTESIAN_POINT('',(55.,-1.347111479062E-14,155.));
#1282 = CIRCLE('',#1283,55.);
#1283 = AXIS2_PLACEMENT_3D('',#1284,#1285,#1286);
#1284 = CARTESIAN_POINT('',(0.,0.,155.));
#1285 = DIRECTION('',(0.,0.,1.));
#1286 = DIRECTION('',(1.,0.,-0.));
#1287 = PLANE('',#1288);
#1288 = AXIS2_PLACEMENT_3D('',#1289,#1290,#1291);
#1289 = CARTESIAN_POINT('',(5.707170568354E-16,-3.995019397848E-15,155.)
  );
#1290 = DIRECTION('',(0.,0.,1.));
#1291 = DIRECTION('',(1.,0.,-0.));
#1292 = ADVANCED_FACE('',(#1293),#1304,.F.);
#1293 = FACE_BOUND('',#1294,.F.);
#1294 = EDGE_LOOP('',(#1295,#1301,#1302,#1303));
#1295 = ORIENTED_EDGE('',*,*,#1296,.T.);
#1296 = EDGE_CURVE('',#1219,#1263,#1297,.T.);
#1297 = LINE('',#1298,#1299);
#1298 = CARTESIAN_POINT('',(-1.219748211951E-14,-66.4,150.));
#1299 = VECTOR('',#1300,1.);
#1300 = DIRECTION('',(0.,0.,1.));
#1301 = ORIENTED_EDGE('',*,*,#1270,.T.);
#1302 = ORIENTED_EDGE('',*,*,#1146,.F.);
#1303 = ORIENTED_EDGE('',*,*,#1226,.F.);
#1304 = PLANE('',#1305);
#1305 = AXIS2_PLACEMENT_3D('',#1306,#1307,#1308);
#1306 = CARTESIAN_POINT('',(-1.219748211951E-14,-66.4,150.));
#1307 = DIRECTION('',(-0.5,0.866025403784,0.));
#1308 = DIRECTION('',(0.866025403784,0.5,0.));
#1309 = ADVANCED_FACE('',(#1310),#1321,.F.);
#1310 = FACE_BOUND('',#1311,.F.);
#1311 = EDGE_LOOP('',(#1312,#1313,#1314,#1320));
#1312 = ORIENTED_EDGE('',*,*,#1186,.T.);
#1313 = ORIENTED_EDGE('',*,*,#1254,.T.);
#1314 = ORIENTED_EDGE('',*,*,#1315,.F.);
#1315 = EDGE_CURVE('',#1211,#1255,#1316,.T.);
#1316 = LINE('',#1317,#1318);
#1317 = CARTESIAN_POINT('',(-57.50408681128,-33.2,150.));
#1318 = VECTOR('',#1319,1.);
#1319 = DIRECTION('',(0.,0.,1.));
#1320 = ORIENTED_EDGE('',*,*,#1210,.F.);
#1321 = PLANE('',#1322);
#1322 = AXIS2_PLACEMENT_3D('',#1323,#1324,#1325);
#1323 = CARTESIAN_POINT('',(-57.50408681128,33.2,150.));
#1324 = DIRECTION('',(1.,1.070094481566E-16,-0.));
#1325 = DIRECTION('',(1.070094481566E-16,-1.,0.));
#1326 = ADVANCED_FACE('',(#1327),#1333,.F.);
#1327 = FACE_BOUND('',#1328,.F.);
#1328 = EDGE_LOOP('',(#1329,#1330,#1331,#1332));
#1329 = ORIENTED_EDGE('',*,*,#1315,.T.);
#1330 = ORIENTED_EDGE('',*,*,#1262,.T.);
#1331 = ORIENTED_EDGE('',*,*,#1296,.F.);
#1332 = ORIENTED_EDGE('',*,*,#1218,.F.);
#1333 = PLANE('',#1334);
#1334 = AXIS2_PLACEMENT_3D('',#1335,#1336,#1337);
#1335 = CARTESIAN_POINT('',(-57.50408681128,-33.2,150.));
#1336 = DIRECTION('',(0.5,0.866025403784,-0.));
#1337 = DIRECTION('',(0.866025403784,-0.5,0.));
#1338 = ADVANCED_FACE('',(#1339),#1350,.F.);
#1339 = FACE_BOUND('',#1340,.F.);
#1340 = EDGE_LOOP('',(#1341,#1342,#1348,#1349));
#1341 = ORIENTED_EDGE('',*,*,#1279,.F.);
#1342 = ORIENTED_EDGE('',*,*,#1343,.F.);
#1343 = EDGE_CURVE('',#1236,#1280,#1344,.T.);
#1344 = LINE('',#1345,#1346);
#1345 = CARTESIAN_POINT('',(55.,-1.347111479062E-14,148.));
#1346 = VECTOR('',#1347,1.);
#1347 = DIRECTION('',(0.,0.,1.));
#1348 = ORIENTED_EDGE('',*,*,#1235,.T.);
#1349 = ORIENTED_EDGE('',*,*,#1343,.T.);
#1350 = CYLINDRICAL_SURFACE('',#1351,55.);
#1351 = AXIS2_PLACEMENT_3D('',#1352,#1353,#1354);
#1352 = CARTESIAN_POINT('',(0.,0.,148.));
#1353 = DIRECTION('',(0.,0.,1.));
#1354 = DIRECTION('',(1.,0.,-0.));
#1355 = MANIFOLD_SOLID_BREP('',#1356);
#1356 = CLOSED_SHELL('',(#1357,#1390,#1410,#1430,#1455,#1475,#1495));
#1357 = ADVANCED_FACE('',(#1358),#1385,.T.);
#1358 = FACE_BOUND('',#1359,.T.);
#1359 = EDGE_LOOP('',(#1360,#1369,#1377,#1384));
#1360 = ORIENTED_EDGE('',*,*,#1361,.F.);
#1361 = EDGE_CURVE('',#1362,#1362,#1364,.T.);
#1362 = VERTEX_POINT('',#1363);
#1363 = CARTESIAN_POINT('',(43.,-1.053196247267E-14,195.));
#1364 = CIRCLE('',#1365,43.);
#1365 = AXIS2_PLACEMENT_3D('',#1366,#1367,#1368);
#1366 = CARTESIAN_POINT('',(0.,0.,195.));
#1367 = DIRECTION('',(0.,0.,1.));
#1368 = DIRECTION('',(1.,0.,-0.));
#1369 = ORIENTED_EDGE('',*,*,#1370,.F.);
#1370 = EDGE_CURVE('',#1371,#1362,#1373,.T.);
#1371 = VERTEX_POINT('',#1372);
#1372 = CARTESIAN_POINT('',(43.,-1.053196247267E-14,130.));
#1373 = LINE('',#1374,#1375);
#1374 = CARTESIAN_POINT('',(43.,-1.053196247267E-14,130.));
#1375 = VECTOR('',#1376,1.);
#1376 = DIRECTION('',(0.,0.,1.));
#1377 = ORIENTED_EDGE('',*,*,#1378,.T.);
#1378 = EDGE_CURVE('',#1371,#1371,#1379,.T.);
#1379 = CIRCLE('',#1380,43.);
#1380 = AXIS2_PLACEMENT_3D('',#1381,#1382,#1383);
#1381 = CARTESIAN_POINT('',(0.,0.,130.));
#1382 = DIRECTION('',(0.,0.,1.));
#1383 = DIRECTION('',(1.,0.,-0.));
#1384 = ORIENTED_EDGE('',*,*,#1370,.T.);
#1385 = CYLINDRICAL_SURFACE('',#1386,43.);
#1386 = AXIS2_PLACEMENT_3D('',#1387,#1388,#1389);
#1387 = CARTESIAN_POINT('',(0.,0.,130.));
#1388 = DIRECTION('',(0.,0.,1.));
#1389 = DIRECTION('',(1.,0.,-0.));
#1390 = ADVANCED_FACE('',(#1391,#1394),#1405,.T.);
#1391 = FACE_BOUND('',#1392,.T.);
#1392 = EDGE_LOOP('',(#1393));
#1393 = ORIENTED_EDGE('',*,*,#1361,.T.);
#1394 = FACE_BOUND('',#1395,.T.);
#1395 = EDGE_LOOP('',(#1396));
#1396 = ORIENTED_EDGE('',*,*,#1397,.F.);
#1397 = EDGE_CURVE('',#1398,#1398,#1400,.T.);
#1398 = VERTEX_POINT('',#1399);
#1399 = CARTESIAN_POINT('',(40.,-9.797174393179E-15,195.));
#1400 = CIRCLE('',#1401,40.);
#1401 = AXIS2_PLACEMENT_3D('',#1402,#1403,#1404);
#1402 = CARTESIAN_POINT('',(0.,0.,195.));
#1403 = DIRECTION('',(0.,0.,1.));
#1404 = DIRECTION('',(1.,0.,-0.));
#1405 = PLANE('',#1406);
#1406 = AXIS2_PLACEMENT_3D('',#1407,#1408,#1409);
#1407 = CARTESIAN_POINT('',(0.,0.,195.));
#1408 = DIRECTION('',(0.,0.,1.));
#1409 = DIRECTION('',(1.,0.,-0.));
#1410 = ADVANCED_FACE('',(#1411,#1414),#1425,.F.);
#1411 = FACE_BOUND('',#1412,.F.);
#1412 = EDGE_LOOP('',(#1413));
#1413 = ORIENTED_EDGE('',*,*,#1378,.T.);
#1414 = FACE_BOUND('',#1415,.F.);
#1415 = EDGE_LOOP('',(#1416));
#1416 = ORIENTED_EDGE('',*,*,#1417,.F.);
#1417 = EDGE_CURVE('',#1418,#1418,#1420,.T.);
#1418 = VERTEX_POINT('',#1419);
#1419 = CARTESIAN_POINT('',(40.,-9.797174393179E-15,130.));
#1420 = CIRCLE('',#1421,40.);
#1421 = AXIS2_PLACEMENT_3D('',#1422,#1423,#1424);
#1422 = CARTESIAN_POINT('',(0.,0.,130.));
#1423 = DIRECTION('',(0.,0.,1.));
#1424 = DIRECTION('',(1.,0.,-0.));
#1425 = PLANE('',#1426);
#1426 = AXIS2_PLACEMENT_3D('',#1427,#1428,#1429);
#1427 = CARTESIAN_POINT('',(0.,0.,130.));
#1428 = DIRECTION('',(0.,0.,1.));
#1429 = DIRECTION('',(1.,0.,-0.));
#1430 = ADVANCED_FACE('',(#1431),#1450,.F.);
#1431 = FACE_BOUND('',#1432,.F.);
#1432 = EDGE_LOOP('',(#1433,#1441,#1442,#1443));
#1433 = ORIENTED_EDGE('',*,*,#1434,.T.);
#1434 = EDGE_CURVE('',#1435,#1398,#1437,.T.);
#1435 = VERTEX_POINT('',#1436);
#1436 = CARTESIAN_POINT('',(40.,-9.797174393179E-15,135.));
#1437 = LINE('',#1438,#1439);
#1438 = CARTESIAN_POINT('',(40.,-9.797174393179E-15,125.));
#1439 = VECTOR('',#1440,1.);
#1440 = DIRECTION('',(0.,0.,1.));
#1441 = ORIENTED_EDGE('',*,*,#1397,.F.);
#1442 = ORIENTED_EDGE('',*,*,#1434,.F.);
#1443 = ORIENTED_EDGE('',*,*,#1444,.T.);
#1444 = EDGE_CURVE('',#1435,#1435,#1445,.T.);
#1445 = CIRCLE('',#1446,40.);
#1446 = AXIS2_PLACEMENT_3D('',#1447,#1448,#1449);
#1447 = CARTESIAN_POINT('',(0.,0.,135.));
#1448 = DIRECTION('',(0.,0.,1.));
#1449 = DIRECTION('',(1.,0.,-0.));
#1450 = CYLINDRICAL_SURFACE('',#1451,40.);
#1451 = AXIS2_PLACEMENT_3D('',#1452,#1453,#1454);
#1452 = CARTESIAN_POINT('',(0.,0.,125.));
#1453 = DIRECTION('',(0.,0.,1.));
#1454 = DIRECTION('',(1.,0.,-0.));
#1455 = ADVANCED_FACE('',(#1456,#1459),#1470,.F.);
#1456 = FACE_BOUND('',#1457,.F.);
#1457 = EDGE_LOOP('',(#1458));
#1458 = ORIENTED_EDGE('',*,*,#1417,.T.);
#1459 = FACE_BOUND('',#1460,.F.);
#1460 = EDGE_LOOP('',(#1461));
#1461 = ORIENTED_EDGE('',*,*,#1462,.F.);
#1462 = EDGE_CURVE('',#1463,#1463,#1465,.T.);
#1463 = VERTEX_POINT('',#1464);
#1464 = CARTESIAN_POINT('',(31.,-7.592810154714E-15,130.));
#1465 = CIRCLE('',#1466,31.);
#1466 = AXIS2_PLACEMENT_3D('',#1467,#1468,#1469);
#1467 = CARTESIAN_POINT('',(0.,0.,130.));
#1468 = DIRECTION('',(0.,0.,1.));
#1469 = DIRECTION('',(1.,0.,-0.));
#1470 = PLANE('',#1471);
#1471 = AXIS2_PLACEMENT_3D('',#1472,#1473,#1474);
#1472 = CARTESIAN_POINT('',(0.,0.,130.));
#1473 = DIRECTION('',(0.,0.,1.));
#1474 = DIRECTION('',(1.,0.,-0.));
#1475 = ADVANCED_FACE('',(#1476,#1479),#1490,.T.);
#1476 = FACE_BOUND('',#1477,.T.);
#1477 = EDGE_LOOP('',(#1478));
#1478 = ORIENTED_EDGE('',*,*,#1444,.T.);
#1479 = FACE_BOUND('',#1480,.T.);
#1480 = EDGE_LOOP('',(#1481));
#1481 = ORIENTED_EDGE('',*,*,#1482,.F.);
#1482 = EDGE_CURVE('',#1483,#1483,#1485,.T.);
#1483 = VERTEX_POINT('',#1484);
#1484 = CARTESIAN_POINT('',(31.,-7.592810154714E-15,135.));
#1485 = CIRCLE('',#1486,31.);
#1486 = AXIS2_PLACEMENT_3D('',#1487,#1488,#1489);
#1487 = CARTESIAN_POINT('',(0.,0.,135.));
#1488 = DIRECTION('',(0.,0.,1.));
#1489 = DIRECTION('',(1.,0.,-0.));
#1490 = PLANE('',#1491);
#1491 = AXIS2_PLACEMENT_3D('',#1492,#1493,#1494);
#1492 = CARTESIAN_POINT('',(0.,0.,135.));
#1493 = DIRECTION('',(0.,0.,1.));
#1494 = DIRECTION('',(1.,0.,-0.));
#1495 = ADVANCED_FACE('',(#1496),#1507,.F.);
#1496 = FACE_BOUND('',#1497,.F.);
#1497 = EDGE_LOOP('',(#1498,#1499,#1505,#1506));
#1498 = ORIENTED_EDGE('',*,*,#1482,.F.);
#1499 = ORIENTED_EDGE('',*,*,#1500,.F.);
#1500 = EDGE_CURVE('',#1463,#1483,#1501,.T.);
#1501 = LINE('',#1502,#1503);
#1502 = CARTESIAN_POINT('',(31.,-7.592810154714E-15,128.));
#1503 = VECTOR('',#1504,1.);
#1504 = DIRECTION('',(0.,0.,1.));
#1505 = ORIENTED_EDGE('',*,*,#1462,.T.);
#1506 = ORIENTED_EDGE('',*,*,#1500,.T.);
#1507 = CYLINDRICAL_SURFACE('',#1508,31.);
#1508 = AXIS2_PLACEMENT_3D('',#1509,#1510,#1511);
#1509 = CARTESIAN_POINT('',(0.,0.,128.));
#1510 = DIRECTION('',(0.,0.,1.));
#1511 = DIRECTION('',(1.,0.,-0.));
#1512 = MANIFOLD_SOLID_BREP('',#1513);
#1513 = CLOSED_SHELL('',(#1514,#1547,#1567,#1587));
#1514 = ADVANCED_FACE('',(#1515),#1542,.T.);
#1515 = FACE_BOUND('',#1516,.T.);
#1516 = EDGE_LOOP('',(#1517,#1526,#1534,#1541));
#1517 = ORIENTED_EDGE('',*,*,#1518,.F.);
#1518 = EDGE_CURVE('',#1519,#1519,#1521,.T.);
#1519 = VERTEX_POINT('',#1520);
#1520 = CARTESIAN_POINT('',(40.,-9.797174393179E-15,157.));
#1521 = CIRCLE('',#1522,40.);
#1522 = AXIS2_PLACEMENT_3D('',#1523,#1524,#1525);
#1523 = CARTESIAN_POINT('',(0.,0.,157.));
#1524 = DIRECTION('',(0.,0.,1.));
#1525 = DIRECTION('',(1.,0.,-0.));
#1526 = ORIENTED_EDGE('',*,*,#1527,.F.);
#1527 = EDGE_CURVE('',#1528,#1519,#1530,.T.);
#1528 = VERTEX_POINT('',#1529);
#1529 = CARTESIAN_POINT('',(40.,-9.797174393179E-15,135.));
#1530 = LINE('',#1531,#1532);
#1531 = CARTESIAN_POINT('',(40.,-9.797174393179E-15,135.));
#1532 = VECTOR('',#1533,1.);
#1533 = DIRECTION('',(0.,0.,1.));
#1534 = ORIENTED_EDGE('',*,*,#1535,.T.);
#1535 = EDGE_CURVE('',#1528,#1528,#1536,.T.);
#1536 = CIRCLE('',#1537,40.);
#1537 = AXIS2_PLACEMENT_3D('',#1538,#1539,#1540);
#1538 = CARTESIAN_POINT('',(0.,0.,135.));
#1539 = DIRECTION('',(0.,0.,1.));
#1540 = DIRECTION('',(1.,0.,-0.));
#1541 = ORIENTED_EDGE('',*,*,#1527,.T.);
#1542 = CYLINDRICAL_SURFACE('',#1543,40.);
#1543 = AXIS2_PLACEMENT_3D('',#1544,#1545,#1546);
#1544 = CARTESIAN_POINT('',(0.,0.,135.));
#1545 = DIRECTION('',(0.,0.,1.));
#1546 = DIRECTION('',(1.,0.,-0.));
#1547 = ADVANCED_FACE('',(#1548,#1551),#1562,.T.);
#1548 = FACE_BOUND('',#1549,.T.);
#1549 = EDGE_LOOP('',(#1550));
#1550 = ORIENTED_EDGE('',*,*,#1518,.T.);
#1551 = FACE_BOUND('',#1552,.T.);
#1552 = EDGE_LOOP('',(#1553));
#1553 = ORIENTED_EDGE('',*,*,#1554,.F.);
#1554 = EDGE_CURVE('',#1555,#1555,#1557,.T.);
#1555 = VERTEX_POINT('',#1556);
#1556 = CARTESIAN_POINT('',(36.,-8.817456953861E-15,157.));
#1557 = CIRCLE('',#1558,36.);
#1558 = AXIS2_PLACEMENT_3D('',#1559,#1560,#1561);
#1559 = CARTESIAN_POINT('',(0.,0.,157.));
#1560 = DIRECTION('',(0.,0.,1.));
#1561 = DIRECTION('',(1.,0.,-0.));
#1562 = PLANE('',#1563);
#1563 = AXIS2_PLACEMENT_3D('',#1564,#1565,#1566);
#1564 = CARTESIAN_POINT('',(0.,0.,157.));
#1565 = DIRECTION('',(0.,0.,1.));
#1566 = DIRECTION('',(1.,0.,-0.));
#1567 = ADVANCED_FACE('',(#1568,#1571),#1582,.F.);
#1568 = FACE_BOUND('',#1569,.F.);
#1569 = EDGE_LOOP('',(#1570));
#1570 = ORIENTED_EDGE('',*,*,#1535,.T.);
#1571 = FACE_BOUND('',#1572,.F.);
#1572 = EDGE_LOOP('',(#1573));
#1573 = ORIENTED_EDGE('',*,*,#1574,.F.);
#1574 = EDGE_CURVE('',#1575,#1575,#1577,.T.);
#1575 = VERTEX_POINT('',#1576);
#1576 = CARTESIAN_POINT('',(36.,-8.817456953861E-15,135.));
#1577 = CIRCLE('',#1578,36.);
#1578 = AXIS2_PLACEMENT_3D('',#1579,#1580,#1581);
#1579 = CARTESIAN_POINT('',(0.,0.,135.));
#1580 = DIRECTION('',(0.,0.,1.));
#1581 = DIRECTION('',(1.,0.,-0.));
#1582 = PLANE('',#1583);
#1583 = AXIS2_PLACEMENT_3D('',#1584,#1585,#1586);
#1584 = CARTESIAN_POINT('',(0.,0.,135.));
#1585 = DIRECTION('',(0.,0.,1.));
#1586 = DIRECTION('',(1.,0.,-0.));
#1587 = ADVANCED_FACE('',(#1588),#1599,.F.);
#1588 = FACE_BOUND('',#1589,.F.);
#1589 = EDGE_LOOP('',(#1590,#1591,#1597,#1598));
#1590 = ORIENTED_EDGE('',*,*,#1554,.F.);
#1591 = ORIENTED_EDGE('',*,*,#1592,.F.);
#1592 = EDGE_CURVE('',#1575,#1555,#1593,.T.);
#1593 = LINE('',#1594,#1595);
#1594 = CARTESIAN_POINT('',(36.,-8.817456953861E-15,133.));
#1595 = VECTOR('',#1596,1.);
#1596 = DIRECTION('',(0.,0.,1.));
#1597 = ORIENTED_EDGE('',*,*,#1574,.T.);
#1598 = ORIENTED_EDGE('',*,*,#1592,.T.);
#1599 = CYLINDRICAL_SURFACE('',#1600,36.);
#1600 = AXIS2_PLACEMENT_3D('',#1601,#1602,#1603);
#1601 = CARTESIAN_POINT('',(0.,0.,133.));
#1602 = DIRECTION('',(0.,0.,1.));
#1603 = DIRECTION('',(1.,0.,-0.));
#1604 = MANIFOLD_SOLID_BREP('',#1605);
#1605 = CLOSED_SHELL('',(#1606,#1639,#1659,#1679));
#1606 = ADVANCED_FACE('',(#1607),#1634,.T.);
#1607 = FACE_BOUND('',#1608,.T.);
#1608 = EDGE_LOOP('',(#1609,#1618,#1626,#1633));
#1609 = ORIENTED_EDGE('',*,*,#1610,.F.);
#1610 = EDGE_CURVE('',#1611,#1611,#1613,.T.);
#1611 = VERTEX_POINT('',#1612);
#1612 = CARTESIAN_POINT('',(34.,-8.327598234202E-15,157.));
#1613 = CIRCLE('',#1614,34.);
#1614 = AXIS2_PLACEMENT_3D('',#1615,#1616,#1617);
#1615 = CARTESIAN_POINT('',(0.,0.,157.));
#1616 = DIRECTION('',(0.,0.,1.));
#1617 = DIRECTION('',(1.,0.,-0.));
#1618 = ORIENTED_EDGE('',*,*,#1619,.F.);
#1619 = EDGE_CURVE('',#1620,#1611,#1622,.T.);
#1620 = VERTEX_POINT('',#1621);
#1621 = CARTESIAN_POINT('',(34.,-8.327598234202E-15,135.));
#1622 = LINE('',#1623,#1624);
#1623 = CARTESIAN_POINT('',(34.,-8.327598234202E-15,135.));
#1624 = VECTOR('',#1625,1.);
#1625 = DIRECTION('',(0.,0.,1.));
#1626 = ORIENTED_EDGE('',*,*,#1627,.T.);
#1627 = EDGE_CURVE('',#1620,#1620,#1628,.T.);
#1628 = CIRCLE('',#1629,34.);
#1629 = AXIS2_PLACEMENT_3D('',#1630,#1631,#1632);
#1630 = CARTESIAN_POINT('',(0.,0.,135.));
#1631 = DIRECTION('',(0.,0.,1.));
#1632 = DIRECTION('',(1.,0.,-0.));
#1633 = ORIENTED_EDGE('',*,*,#1619,.T.);
#1634 = CYLINDRICAL_SURFACE('',#1635,34.);
#1635 = AXIS2_PLACEMENT_3D('',#1636,#1637,#1638);
#1636 = CARTESIAN_POINT('',(0.,0.,135.));
#1637 = DIRECTION('',(0.,0.,1.));
#1638 = DIRECTION('',(1.,0.,-0.));
#1639 = ADVANCED_FACE('',(#1640,#1643),#1654,.T.);
#1640 = FACE_BOUND('',#1641,.T.);
#1641 = EDGE_LOOP('',(#1642));
#1642 = ORIENTED_EDGE('',*,*,#1610,.T.);
#1643 = FACE_BOUND('',#1644,.T.);
#1644 = EDGE_LOOP('',(#1645));
#1645 = ORIENTED_EDGE('',*,*,#1646,.F.);
#1646 = EDGE_CURVE('',#1647,#1647,#1649,.T.);
#1647 = VERTEX_POINT('',#1648);
#1648 = CARTESIAN_POINT('',(30.,-7.347880794884E-15,157.));
#1649 = CIRCLE('',#1650,30.);
#1650 = AXIS2_PLACEMENT_3D('',#1651,#1652,#1653);
#1651 = CARTESIAN_POINT('',(0.,0.,157.));
#1652 = DIRECTION('',(0.,0.,1.));
#1653 = DIRECTION('',(1.,0.,-0.));
#1654 = PLANE('',#1655);
#1655 = AXIS2_PLACEMENT_3D('',#1656,#1657,#1658);
#1656 = CARTESIAN_POINT('',(0.,0.,157.));
#1657 = DIRECTION('',(0.,0.,1.));
#1658 = DIRECTION('',(1.,0.,-0.));
#1659 = ADVANCED_FACE('',(#1660,#1663),#1674,.F.);
#1660 = FACE_BOUND('',#1661,.F.);
#1661 = EDGE_LOOP('',(#1662));
#1662 = ORIENTED_EDGE('',*,*,#1627,.T.);
#1663 = FACE_BOUND('',#1664,.F.);
#1664 = EDGE_LOOP('',(#1665));
#1665 = ORIENTED_EDGE('',*,*,#1666,.F.);
#1666 = EDGE_CURVE('',#1667,#1667,#1669,.T.);
#1667 = VERTEX_POINT('',#1668);
#1668 = CARTESIAN_POINT('',(30.,-7.347880794884E-15,135.));
#1669 = CIRCLE('',#1670,30.);
#1670 = AXIS2_PLACEMENT_3D('',#1671,#1672,#1673);
#1671 = CARTESIAN_POINT('',(0.,0.,135.));
#1672 = DIRECTION('',(0.,0.,1.));
#1673 = DIRECTION('',(1.,0.,-0.));
#1674 = PLANE('',#1675);
#1675 = AXIS2_PLACEMENT_3D('',#1676,#1677,#1678);
#1676 = CARTESIAN_POINT('',(0.,0.,135.));
#1677 = DIRECTION('',(0.,0.,1.));
#1678 = DIRECTION('',(1.,0.,-0.));
#1679 = ADVANCED_FACE('',(#1680),#1691,.F.);
#1680 = FACE_BOUND('',#1681,.F.);
#1681 = EDGE_LOOP('',(#1682,#1683,#1689,#1690));
#1682 = ORIENTED_EDGE('',*,*,#1646,.F.);
#1683 = ORIENTED_EDGE('',*,*,#1684,.F.);
#1684 = EDGE_CURVE('',#1667,#1647,#1685,.T.);
#1685 = LINE('',#1686,#1687);
#1686 = CARTESIAN_POINT('',(30.,-7.347880794884E-15,133.));
#1687 = VECTOR('',#1688,1.);
#1688 = DIRECTION('',(0.,0.,1.));
#1689 = ORIENTED_EDGE('',*,*,#1666,.T.);
#1690 = ORIENTED_EDGE('',*,*,#1684,.T.);
#1691 = CYLINDRICAL_SURFACE('',#1692,30.);
#1692 = AXIS2_PLACEMENT_3D('',#1693,#1694,#1695);
#1693 = CARTESIAN_POINT('',(0.,0.,133.));
#1694 = DIRECTION('',(0.,0.,1.));
#1695 = DIRECTION('',(1.,0.,-0.));
#1696 = MANIFOLD_SOLID_BREP('',#1697);
#1697 = CLOSED_SHELL('',(#1698,#1731,#1751,#1771));
#1698 = ADVANCED_FACE('',(#1699),#1726,.T.);
#1699 = FACE_BOUND('',#1700,.T.);
#1700 = EDGE_LOOP('',(#1701,#1710,#1718,#1725));
#1701 = ORIENTED_EDGE('',*,*,#1702,.F.);
#1702 = EDGE_CURVE('',#1703,#1703,#1705,.T.);
#1703 = VERTEX_POINT('',#1704);
#1704 = CARTESIAN_POINT('',(39.,-9.552245033349E-15,157.));
#1705 = CIRCLE('',#1706,39.);
#1706 = AXIS2_PLACEMENT_3D('',#1707,#1708,#1709);
#1707 = CARTESIAN_POINT('',(0.,0.,157.));
#1708 = DIRECTION('',(0.,0.,1.));
#1709 = DIRECTION('',(1.,0.,-0.));
#1710 = ORIENTED_EDGE('',*,*,#1711,.F.);
#1711 = EDGE_CURVE('',#1712,#1703,#1714,.T.);
#1712 = VERTEX_POINT('',#1713);
#1713 = CARTESIAN_POINT('',(39.,-9.552245033349E-15,155.8));
#1714 = LINE('',#1715,#1716);
#1715 = CARTESIAN_POINT('',(39.,-9.552245033349E-15,155.8));
#1716 = VECTOR('',#1717,1.);
#1717 = DIRECTION('',(0.,0.,1.));
#1718 = ORIENTED_EDGE('',*,*,#1719,.T.);
#1719 = EDGE_CURVE('',#1712,#1712,#1720,.T.);
#1720 = CIRCLE('',#1721,39.);
#1721 = AXIS2_PLACEMENT_3D('',#1722,#1723,#1724);
#1722 = CARTESIAN_POINT('',(0.,0.,155.8));
#1723 = DIRECTION('',(0.,0.,1.));
#1724 = DIRECTION('',(1.,0.,-0.));
#1725 = ORIENTED_EDGE('',*,*,#1711,.T.);
#1726 = CYLINDRICAL_SURFACE('',#1727,39.);
#1727 = AXIS2_PLACEMENT_3D('',#1728,#1729,#1730);
#1728 = CARTESIAN_POINT('',(0.,0.,155.8));
#1729 = DIRECTION('',(0.,0.,1.));
#1730 = DIRECTION('',(1.,0.,-0.));
#1731 = ADVANCED_FACE('',(#1732,#1735),#1746,.T.);
#1732 = FACE_BOUND('',#1733,.T.);
#1733 = EDGE_LOOP('',(#1734));
#1734 = ORIENTED_EDGE('',*,*,#1702,.T.);
#1735 = FACE_BOUND('',#1736,.T.);
#1736 = EDGE_LOOP('',(#1737));
#1737 = ORIENTED_EDGE('',*,*,#1738,.F.);
#1738 = EDGE_CURVE('',#1739,#1739,#1741,.T.);
#1739 = VERTEX_POINT('',#1740);
#1740 = CARTESIAN_POINT('',(32.5,-7.960204194458E-15,157.));
#1741 = CIRCLE('',#1742,32.5);
#1742 = AXIS2_PLACEMENT_3D('',#1743,#1744,#1745);
#1743 = CARTESIAN_POINT('',(0.,0.,157.));
#1744 = DIRECTION('',(0.,0.,1.));
#1745 = DIRECTION('',(1.,0.,-0.));
#1746 = PLANE('',#1747);
#1747 = AXIS2_PLACEMENT_3D('',#1748,#1749,#1750);
#1748 = CARTESIAN_POINT('',(0.,0.,157.));
#1749 = DIRECTION('',(0.,0.,1.));
#1750 = DIRECTION('',(1.,0.,-0.));
#1751 = ADVANCED_FACE('',(#1752,#1755),#1766,.F.);
#1752 = FACE_BOUND('',#1753,.F.);
#1753 = EDGE_LOOP('',(#1754));
#1754 = ORIENTED_EDGE('',*,*,#1719,.T.);
#1755 = FACE_BOUND('',#1756,.F.);
#1756 = EDGE_LOOP('',(#1757));
#1757 = ORIENTED_EDGE('',*,*,#1758,.F.);
#1758 = EDGE_CURVE('',#1759,#1759,#1761,.T.);
#1759 = VERTEX_POINT('',#1760);
#1760 = CARTESIAN_POINT('',(32.5,-7.960204194458E-15,155.8));
#1761 = CIRCLE('',#1762,32.5);
#1762 = AXIS2_PLACEMENT_3D('',#1763,#1764,#1765);
#1763 = CARTESIAN_POINT('',(0.,0.,155.8));
#1764 = DIRECTION('',(0.,0.,1.));
#1765 = DIRECTION('',(1.,0.,-0.));
#1766 = PLANE('',#1767);
#1767 = AXIS2_PLACEMENT_3D('',#1768,#1769,#1770);
#1768 = CARTESIAN_POINT('',(0.,0.,155.8));
#1769 = DIRECTION('',(0.,0.,1.));
#1770 = DIRECTION('',(1.,0.,-0.));
#1771 = ADVANCED_FACE('',(#1772),#1783,.F.);
#1772 = FACE_BOUND('',#1773,.F.);
#1773 = EDGE_LOOP('',(#1774,#1775,#1781,#1782));
#1774 = ORIENTED_EDGE('',*,*,#1738,.F.);
#1775 = ORIENTED_EDGE('',*,*,#1776,.F.);
#1776 = EDGE_CURVE('',#1759,#1739,#1777,.T.);
#1777 = LINE('',#1778,#1779);
#1778 = CARTESIAN_POINT('',(32.5,-7.960204194458E-15,155.));
#1779 = VECTOR('',#1780,1.);
#1780 = DIRECTION('',(0.,0.,1.));
#1781 = ORIENTED_EDGE('',*,*,#1758,.T.);
#1782 = ORIENTED_EDGE('',*,*,#1776,.T.);
#1783 = CYLINDRICAL_SURFACE('',#1784,32.5);
#1784 = AXIS2_PLACEMENT_3D('',#1785,#1786,#1787);
#1785 = CARTESIAN_POINT('',(0.,0.,155.));
#1786 = DIRECTION('',(0.,0.,1.));
#1787 = DIRECTION('',(1.,0.,-0.));
#1788 = MANIFOLD_SOLID_BREP('',#1789);
#1789 = CLOSED_SHELL('',(#1790,#1823,#1843,#1863));
#1790 = ADVANCED_FACE('',(#1791),#1818,.T.);
#1791 = FACE_BOUND('',#1792,.T.);
#1792 = EDGE_LOOP('',(#1793,#1802,#1810,#1817));
#1793 = ORIENTED_EDGE('',*,*,#1794,.F.);
#1794 = EDGE_CURVE('',#1795,#1795,#1797,.T.);
#1795 = VERTEX_POINT('',#1796);
#1796 = CARTESIAN_POINT('',(39.,-9.552245033349E-15,136.2));
#1797 = CIRCLE('',#1798,39.);
#1798 = AXIS2_PLACEMENT_3D('',#1799,#1800,#1801);
#1799 = CARTESIAN_POINT('',(0.,0.,136.2));
#1800 = DIRECTION('',(0.,0.,1.));
#1801 = DIRECTION('',(1.,0.,-0.));
#1802 = ORIENTED_EDGE('',*,*,#1803,.F.);
#1803 = EDGE_CURVE('',#1804,#1795,#1806,.T.);
#1804 = VERTEX_POINT('',#1805);
#1805 = CARTESIAN_POINT('',(39.,-9.552245033349E-15,135.));
#1806 = LINE('',#1807,#1808);
#1807 = CARTESIAN_POINT('',(39.,-9.552245033349E-15,135.));
#1808 = VECTOR('',#1809,1.);
#1809 = DIRECTION('',(0.,0.,1.));
#1810 = ORIENTED_EDGE('',*,*,#1811,.T.);
#1811 = EDGE_CURVE('',#1804,#1804,#1812,.T.);
#1812 = CIRCLE('',#1813,39.);
#1813 = AXIS2_PLACEMENT_3D('',#1814,#1815,#1816);
#1814 = CARTESIAN_POINT('',(0.,0.,135.));
#1815 = DIRECTION('',(0.,0.,1.));
#1816 = DIRECTION('',(1.,0.,-0.));
#1817 = ORIENTED_EDGE('',*,*,#1803,.T.);
#1818 = CYLINDRICAL_SURFACE('',#1819,39.);
#1819 = AXIS2_PLACEMENT_3D('',#1820,#1821,#1822);
#1820 = CARTESIAN_POINT('',(0.,0.,135.));
#1821 = DIRECTION('',(0.,0.,1.));
#1822 = DIRECTION('',(1.,0.,-0.));
#1823 = ADVANCED_FACE('',(#1824,#1827),#1838,.T.);
#1824 = FACE_BOUND('',#1825,.T.);
#1825 = EDGE_LOOP('',(#1826));
#1826 = ORIENTED_EDGE('',*,*,#1794,.T.);
#1827 = FACE_BOUND('',#1828,.T.);
#1828 = EDGE_LOOP('',(#1829));
#1829 = ORIENTED_EDGE('',*,*,#1830,.F.);
#1830 = EDGE_CURVE('',#1831,#1831,#1833,.T.);
#1831 = VERTEX_POINT('',#1832);
#1832 = CARTESIAN_POINT('',(32.5,-7.960204194458E-15,136.2));
#1833 = CIRCLE('',#1834,32.5);
#1834 = AXIS2_PLACEMENT_3D('',#1835,#1836,#1837);
#1835 = CARTESIAN_POINT('',(0.,0.,136.2));
#1836 = DIRECTION('',(0.,0.,1.));
#1837 = DIRECTION('',(1.,0.,-0.));
#1838 = PLANE('',#1839);
#1839 = AXIS2_PLACEMENT_3D('',#1840,#1841,#1842);
#1840 = CARTESIAN_POINT('',(0.,0.,136.2));
#1841 = DIRECTION('',(0.,0.,1.));
#1842 = DIRECTION('',(1.,0.,-0.));
#1843 = ADVANCED_FACE('',(#1844,#1847),#1858,.F.);
#1844 = FACE_BOUND('',#1845,.F.);
#1845 = EDGE_LOOP('',(#1846));
#1846 = ORIENTED_EDGE('',*,*,#1811,.T.);
#1847 = FACE_BOUND('',#1848,.F.);
#1848 = EDGE_LOOP('',(#1849));
#1849 = ORIENTED_EDGE('',*,*,#1850,.F.);
#1850 = EDGE_CURVE('',#1851,#1851,#1853,.T.);
#1851 = VERTEX_POINT('',#1852);
#1852 = CARTESIAN_POINT('',(32.5,-7.960204194458E-15,135.));
#1853 = CIRCLE('',#1854,32.5);
#1854 = AXIS2_PLACEMENT_3D('',#1855,#1856,#1857);
#1855 = CARTESIAN_POINT('',(0.,0.,135.));
#1856 = DIRECTION('',(0.,0.,1.));
#1857 = DIRECTION('',(1.,0.,-0.));
#1858 = PLANE('',#1859);
#1859 = AXIS2_PLACEMENT_3D('',#1860,#1861,#1862);
#1860 = CARTESIAN_POINT('',(0.,0.,135.));
#1861 = DIRECTION('',(0.,0.,1.));
#1862 = DIRECTION('',(1.,0.,-0.));
#1863 = ADVANCED_FACE('',(#1864),#1875,.F.);
#1864 = FACE_BOUND('',#1865,.F.);
#1865 = EDGE_LOOP('',(#1866,#1867,#1873,#1874));
#1866 = ORIENTED_EDGE('',*,*,#1830,.F.);
#1867 = ORIENTED_EDGE('',*,*,#1868,.F.);
#1868 = EDGE_CURVE('',#1851,#1831,#1869,.T.);
#1869 = LINE('',#1870,#1871);
#1870 = CARTESIAN_POINT('',(32.5,-7.960204194458E-15,134.));
#1871 = VECTOR('',#1872,1.);
#1872 = DIRECTION('',(0.,0.,1.));
#1873 = ORIENTED_EDGE('',*,*,#1850,.T.);
#1874 = ORIENTED_EDGE('',*,*,#1868,.T.);
#1875 = CYLINDRICAL_SURFACE('',#1876,32.5);
#1876 = AXIS2_PLACEMENT_3D('',#1877,#1878,#1879);
#1877 = CARTESIAN_POINT('',(0.,0.,134.));
#1878 = DIRECTION('',(0.,0.,1.));
#1879 = DIRECTION('',(1.,0.,-0.));
#1880 = MANIFOLD_SOLID_BREP('',#1881);
#1881 = CLOSED_SHELL('',(#1882));
#1882 = ADVANCED_FACE('',(#1883),#1887,.T.);
#1883 = FACE_BOUND('',#1884,.T.);
#1884 = VERTEX_LOOP('',#1885);
#1885 = VERTEX_POINT('',#1886);
#1886 = CARTESIAN_POINT('',(35.,0.,142.));
#1887 = SPHERICAL_SURFACE('',#1888,4.);
#1888 = AXIS2_PLACEMENT_3D('',#1889,#1890,#1891);
#1889 = CARTESIAN_POINT('',(35.,0.,146.));
#1890 = DIRECTION('',(0.,0.,1.));
#1891 = DIRECTION('',(1.,0.,-0.));
#1892 = MANIFOLD_SOLID_BREP('',#1893);
#1893 = CLOSED_SHELL('',(#1894));
#1894 = ADVANCED_FACE('',(#1895),#1899,.T.);
#1895 = FACE_BOUND('',#1896,.T.);
#1896 = VERTEX_LOOP('',#1897);
#1897 = VERTEX_POINT('',#1898);
#1898 = CARTESIAN_POINT('',(28.315594803123,20.572483830237,142.));
#1899 = SPHERICAL_SURFACE('',#1900,4.);
#1900 = AXIS2_PLACEMENT_3D('',#1901,#1902,#1903);
#1901 = CARTESIAN_POINT('',(28.315594803123,20.572483830237,146.));
#1902 = DIRECTION('',(0.,0.,1.));
#1903 = DIRECTION('',(1.,0.,-0.));
#1904 = MANIFOLD_SOLID_BREP('',#1905);
#1905 = CLOSED_SHELL('',(#1906));
#1906 = ADVANCED_FACE('',(#1907),#1911,.T.);
#1907 = FACE_BOUND('',#1908,.T.);
#1908 = VERTEX_LOOP('',#1909);
#1909 = VERTEX_POINT('',#1910);
#1910 = CARTESIAN_POINT('',(10.815594803123,33.28697807033,142.));
#1911 = SPHERICAL_SURFACE('',#1912,4.);
#1912 = AXIS2_PLACEMENT_3D('',#1913,#1914,#1915);
#1913 = CARTESIAN_POINT('',(10.815594803123,33.28697807033,146.));
#1914 = DIRECTION('',(0.,0.,1.));
#1915 = DIRECTION('',(1.,0.,-0.));
#1916 = MANIFOLD_SOLID_BREP('',#1917);
#1917 = CLOSED_SHELL('',(#1918));
#1918 = ADVANCED_FACE('',(#1919),#1923,.T.);
#1919 = FACE_BOUND('',#1920,.T.);
#1920 = VERTEX_LOOP('',#1921);
#1921 = VERTEX_POINT('',#1922);
#1922 = CARTESIAN_POINT('',(-10.81559480312,33.28697807033,142.));
#1923 = SPHERICAL_SURFACE('',#1924,4.);
#1924 = AXIS2_PLACEMENT_3D('',#1925,#1926,#1927);
#1925 = CARTESIAN_POINT('',(-10.81559480312,33.28697807033,146.));
#1926 = DIRECTION('',(0.,0.,1.));
#1927 = DIRECTION('',(1.,0.,-0.));
#1928 = MANIFOLD_SOLID_BREP('',#1929);
#1929 = CLOSED_SHELL('',(#1930));
#1930 = ADVANCED_FACE('',(#1931),#1935,.T.);
#1931 = FACE_BOUND('',#1932,.T.);
#1932 = VERTEX_LOOP('',#1933);
#1933 = VERTEX_POINT('',#1934);
#1934 = CARTESIAN_POINT('',(-28.31559480312,20.572483830237,142.));
#1935 = SPHERICAL_SURFACE('',#1936,4.);
#1936 = AXIS2_PLACEMENT_3D('',#1937,#1938,#1939);
#1937 = CARTESIAN_POINT('',(-28.31559480312,20.572483830237,146.));
#1938 = DIRECTION('',(0.,0.,1.));
#1939 = DIRECTION('',(1.,0.,-0.));
#1940 = MANIFOLD_SOLID_BREP('',#1941);
#1941 = CLOSED_SHELL('',(#1942));
#1942 = ADVANCED_FACE('',(#1943),#1947,.T.);
#1943 = FACE_BOUND('',#1944,.T.);
#1944 = VERTEX_LOOP('',#1945);
#1945 = VERTEX_POINT('',#1946);
#1946 = CARTESIAN_POINT('',(-35.,4.286263797016E-15,142.));
#1947 = SPHERICAL_SURFACE('',#1948,4.);
#1948 = AXIS2_PLACEMENT_3D('',#1949,#1950,#1951);
#1949 = CARTESIAN_POINT('',(-35.,4.286263797016E-15,146.));
#1950 = DIRECTION('',(0.,0.,1.));
#1951 = DIRECTION('',(1.,0.,-0.));
#1952 = MANIFOLD_SOLID_BREP('',#1953);
#1953 = CLOSED_SHELL('',(#1954));
#1954 = ADVANCED_FACE('',(#1955),#1959,.T.);
#1955 = FACE_BOUND('',#1956,.T.);
#1956 = VERTEX_LOOP('',#1957);
#1957 = VERTEX_POINT('',#1958);
#1958 = CARTESIAN_POINT('',(-28.31559480312,-20.57248383023,142.));
#1959 = SPHERICAL_SURFACE('',#1960,4.);
#1960 = AXIS2_PLACEMENT_3D('',#1961,#1962,#1963);
#1961 = CARTESIAN_POINT('',(-28.31559480312,-20.57248383023,146.));
#1962 = DIRECTION('',(0.,0.,1.));
#1963 = DIRECTION('',(1.,0.,-0.));
#1964 = MANIFOLD_SOLID_BREP('',#1965);
#1965 = CLOSED_SHELL('',(#1966));
#1966 = ADVANCED_FACE('',(#1967),#1971,.T.);
#1967 = FACE_BOUND('',#1968,.T.);
#1968 = VERTEX_LOOP('',#1969);
#1969 = VERTEX_POINT('',#1970);
#1970 = CARTESIAN_POINT('',(-10.81559480312,-33.28697807033,142.));
#1971 = SPHERICAL_SURFACE('',#1972,4.);
#1972 = AXIS2_PLACEMENT_3D('',#1973,#1974,#1975);
#1973 = CARTESIAN_POINT('',(-10.81559480312,-33.28697807033,146.));
#1974 = DIRECTION('',(0.,0.,1.));
#1975 = DIRECTION('',(1.,0.,-0.));
#1976 = MANIFOLD_SOLID_BREP('',#1977);
#1977 = CLOSED_SHELL('',(#1978));
#1978 = ADVANCED_FACE('',(#1979),#1983,.T.);
#1979 = FACE_BOUND('',#1980,.T.);
#1980 = VERTEX_LOOP('',#1981);
#1981 = VERTEX_POINT('',#1982);
#1982 = CARTESIAN_POINT('',(10.815594803123,-33.28697807033,142.));
#1983 = SPHERICAL_SURFACE('',#1984,4.);
#1984 = AXIS2_PLACEMENT_3D('',#1985,#1986,#1987);
#1985 = CARTESIAN_POINT('',(10.815594803123,-33.28697807033,146.));
#1986 = DIRECTION('',(0.,0.,1.));
#1987 = DIRECTION('',(1.,0.,-0.));
#1988 = MANIFOLD_SOLID_BREP('',#1989);
#1989 = CLOSED_SHELL('',(#1990));
#1990 = ADVANCED_FACE('',(#1991),#1995,.T.);
#1991 = FACE_BOUND('',#1992,.T.);
#1992 = VERTEX_LOOP('',#1993);
#1993 = VERTEX_POINT('',#1994);
#1994 = CARTESIAN_POINT('',(28.315594803123,-20.57248383023,142.));
#1995 = SPHERICAL_SURFACE('',#1996,4.);
#1996 = AXIS2_PLACEMENT_3D('',#1997,#1998,#1999);
#1997 = CARTESIAN_POINT('',(28.315594803123,-20.57248383023,146.));
#1998 = DIRECTION('',(0.,0.,1.));
#1999 = DIRECTION('',(1.,0.,-0.));
#2000 = MANIFOLD_SOLID_BREP('',#2001);
#2001 = CLOSED_SHELL('',(#2002,#2035,#2099,#2108,#2269,#2294,#2319,#2344
    ,#2369,#2446,#2471,#2491,#2503,#2528,#2548,#2560,#2585,#2605,#2617,
    #2642,#2662));
#2002 = ADVANCED_FACE('',(#2003),#2030,.T.);
#2003 = FACE_BOUND('',#2004,.T.);
#2004 = EDGE_LOOP('',(#2005,#2014,#2022,#2029));
#2005 = ORIENTED_EDGE('',*,*,#2006,.F.);
#2006 = EDGE_CURVE('',#2007,#2007,#2009,.T.);
#2007 = VERTEX_POINT('',#2008);
#2008 = CARTESIAN_POINT('',(42.75,-1.047073013271E-14,201.));
#2009 = CIRCLE('',#2010,42.75);
#2010 = AXIS2_PLACEMENT_3D('',#2011,#2012,#2013);
#2011 = CARTESIAN_POINT('',(0.,0.,201.));
#2012 = DIRECTION('',(0.,0.,1.));
#2013 = DIRECTION('',(1.,0.,-0.));
#2014 = ORIENTED_EDGE('',*,*,#2015,.F.);
#2015 = EDGE_CURVE('',#2016,#2007,#2018,.T.);
#2016 = VERTEX_POINT('',#2017);
#2017 = CARTESIAN_POINT('',(42.75,-1.047073013271E-14,195.));
#2018 = LINE('',#2019,#2020);
#2019 = CARTESIAN_POINT('',(42.75,-1.047073013271E-14,195.));
#2020 = VECTOR('',#2021,1.);
#2021 = DIRECTION('',(0.,0.,1.));
#2022 = ORIENTED_EDGE('',*,*,#2023,.T.);
#2023 = EDGE_CURVE('',#2016,#2016,#2024,.T.);
#2024 = CIRCLE('',#2025,42.75);
#2025 = AXIS2_PLACEMENT_3D('',#2026,#2027,#2028);
#2026 = CARTESIAN_POINT('',(0.,0.,195.));
#2027 = DIRECTION('',(0.,0.,1.));
#2028 = DIRECTION('',(1.,0.,-0.));
#2029 = ORIENTED_EDGE('',*,*,#2015,.T.);
#2030 = CYLINDRICAL_SURFACE('',#2031,42.75);
#2031 = AXIS2_PLACEMENT_3D('',#2032,#2033,#2034);
#2032 = CARTESIAN_POINT('',(0.,0.,195.));
#2033 = DIRECTION('',(0.,0.,1.));
#2034 = DIRECTION('',(1.,0.,-0.));
#2035 = ADVANCED_FACE('',(#2036,#2047,#2058,#2069,#2080,#2083),#2094,.F.
  );
#2036 = FACE_BOUND('',#2037,.F.);
#2037 = EDGE_LOOP('',(#2038));
#2038 = ORIENTED_EDGE('',*,*,#2039,.T.);
#2039 = EDGE_CURVE('',#2040,#2040,#2042,.T.);
#2040 = VERTEX_POINT('',#2041);
#2041 = CARTESIAN_POINT('',(52.,-1.273632671113E-14,201.));
#2042 = CIRCLE('',#2043,52.);
#2043 = AXIS2_PLACEMENT_3D('',#2044,#2045,#2046);
#2044 = CARTESIAN_POINT('',(0.,0.,201.));
#2045 = DIRECTION('',(0.,0.,1.));
#2046 = DIRECTION('',(1.,0.,-0.));
#2047 = FACE_BOUND('',#2048,.F.);
#2048 = EDGE_LOOP('',(#2049));
#2049 = ORIENTED_EDGE('',*,*,#2050,.F.);
#2050 = EDGE_CURVE('',#2051,#2051,#2053,.T.);
#2051 = VERTEX_POINT('',#2052);
#2052 = CARTESIAN_POINT('',(-29.98401871576,-33.23401871576,201.));
#2053 = CIRCLE('',#2054,3.25);
#2054 = AXIS2_PLACEMENT_3D('',#2055,#2056,#2057);
#2055 = CARTESIAN_POINT('',(-33.23401871576,-33.23401871576,201.));
#2056 = DIRECTION('',(0.,0.,1.));
#2057 = DIRECTION('',(1.,0.,-0.));
#2058 = FACE_BOUND('',#2059,.F.);
#2059 = EDGE_LOOP('',(#2060));
#2060 = ORIENTED_EDGE('',*,*,#2061,.F.);
#2061 = EDGE_CURVE('',#2062,#2062,#2064,.T.);
#2062 = VERTEX_POINT('',#2063);
#2063 = CARTESIAN_POINT('',(36.484018715768,-33.23401871576,201.));
#2064 = CIRCLE('',#2065,3.25);
#2065 = AXIS2_PLACEMENT_3D('',#2066,#2067,#2068);
#2066 = CARTESIAN_POINT('',(33.234018715768,-33.23401871576,201.));
#2067 = DIRECTION('',(0.,0.,1.));
#2068 = DIRECTION('',(1.,0.,-0.));
#2069 = FACE_BOUND('',#2070,.F.);
#2070 = EDGE_LOOP('',(#2071));
#2071 = ORIENTED_EDGE('',*,*,#2072,.F.);
#2072 = EDGE_CURVE('',#2073,#2073,#2075,.T.);
#2073 = VERTEX_POINT('',#2074);
#2074 = CARTESIAN_POINT('',(-29.98401871576,33.234018715768,201.));
#2075 = CIRCLE('',#2076,3.25);
#2076 = AXIS2_PLACEMENT_3D('',#2077,#2078,#2079);
#2077 = CARTESIAN_POINT('',(-33.23401871576,33.234018715768,201.));
#2078 = DIRECTION('',(0.,0.,1.));
#2079 = DIRECTION('',(1.,0.,-0.));
#2080 = FACE_BOUND('',#2081,.F.);
#2081 = EDGE_LOOP('',(#2082));
#2082 = ORIENTED_EDGE('',*,*,#2006,.F.);
#2083 = FACE_BOUND('',#2084,.F.);
#2084 = EDGE_LOOP('',(#2085));
#2085 = ORIENTED_EDGE('',*,*,#2086,.F.);
#2086 = EDGE_CURVE('',#2087,#2087,#2089,.T.);
#2087 = VERTEX_POINT('',#2088);
#2088 = CARTESIAN_POINT('',(36.484018715768,33.234018715768,201.));
#2089 = CIRCLE('',#2090,3.25);
#2090 = AXIS2_PLACEMENT_3D('',#2091,#2092,#2093);
#2091 = CARTESIAN_POINT('',(33.234018715768,33.234018715768,201.));
#2092 = DIRECTION('',(0.,0.,1.));
#2093 = DIRECTION('',(1.,0.,-0.));
#2094 = PLANE('',#2095);
#2095 = AXIS2_PLACEMENT_3D('',#2096,#2097,#2098);
#2096 = CARTESIAN_POINT('',(0.,0.,201.));
#2097 = DIRECTION('',(0.,0.,1.));
#2098 = DIRECTION('',(1.,0.,-0.));
#2099 = ADVANCED_FACE('',(#2100),#2103,.F.);
#2100 = FACE_BOUND('',#2101,.T.);
#2101 = EDGE_LOOP('',(#2102));
#2102 = ORIENTED_EDGE('',*,*,#2023,.F.);
#2103 = PLANE('',#2104);
#2104 = AXIS2_PLACEMENT_3D('',#2105,#2106,#2107);
#2105 = CARTESIAN_POINT('',(0.,0.,195.));
#2106 = DIRECTION('',(0.,0.,1.));
#2107 = DIRECTION('',(1.,0.,-0.));
#2108 = ADVANCED_FACE('',(#2109),#2264,.T.);
#2109 = FACE_BOUND('',#2110,.T.);
#2110 = EDGE_LOOP('',(#2111,#2122,#2128,#2129,#2130,#2139,#2147,#2156,
    #2164,#2173,#2181,#2190,#2198,#2207,#2215,#2224,#2232,#2241,#2249,
    #2258));
#2111 = ORIENTED_EDGE('',*,*,#2112,.F.);
#2112 = EDGE_CURVE('',#2113,#2115,#2117,.T.);
#2113 = VERTEX_POINT('',#2114);
#2114 = CARTESIAN_POINT('',(52.,-1.273632671113E-14,209.));
#2115 = VERTEX_POINT('',#2116);
#2116 = CARTESIAN_POINT('',(38.433789878131,35.026330033329,209.));
#2117 = CIRCLE('',#2118,52.);
#2118 = AXIS2_PLACEMENT_3D('',#2119,#2120,#2121);
#2119 = CARTESIAN_POINT('',(0.,0.,209.));
#2120 = DIRECTION('',(0.,0.,1.));
#2121 = DIRECTION('',(1.,0.,-0.));
#2122 = ORIENTED_EDGE('',*,*,#2123,.F.);
#2123 = EDGE_CURVE('',#2040,#2113,#2124,.T.);
#2124 = LINE('',#2125,#2126);
#2125 = CARTESIAN_POINT('',(52.,-1.273632671113E-14,201.));
#2126 = VECTOR('',#2127,1.);
#2127 = DIRECTION('',(0.,0.,1.));
#2128 = ORIENTED_EDGE('',*,*,#2039,.T.);
#2129 = ORIENTED_EDGE('',*,*,#2123,.T.);
#2130 = ORIENTED_EDGE('',*,*,#2131,.F.);
#2131 = EDGE_CURVE('',#2132,#2113,#2134,.T.);
#2132 = VERTEX_POINT('',#2133);
#2133 = CARTESIAN_POINT('',(38.433789878131,-35.02633003332,209.));
#2134 = CIRCLE('',#2135,52.);
#2135 = AXIS2_PLACEMENT_3D('',#2136,#2137,#2138);
#2136 = CARTESIAN_POINT('',(0.,0.,209.));
#2137 = DIRECTION('',(0.,0.,1.));
#2138 = DIRECTION('',(1.,0.,-0.));
#2139 = ORIENTED_EDGE('',*,*,#2140,.F.);
#2140 = EDGE_CURVE('',#2141,#2132,#2143,.T.);
#2141 = VERTEX_POINT('',#2142);
#2142 = CARTESIAN_POINT('',(38.433789878131,-35.02633003332,205.5));
#2143 = LINE('',#2144,#2145);
#2144 = CARTESIAN_POINT('',(38.433789878131,-35.02633003332,201.));
#2145 = VECTOR('',#2146,1.);
#2146 = DIRECTION('',(0.,0.,1.));
#2147 = ORIENTED_EDGE('',*,*,#2148,.F.);
#2148 = EDGE_CURVE('',#2149,#2141,#2151,.T.);
#2149 = VERTEX_POINT('',#2150);
#2150 = CARTESIAN_POINT('',(35.026330033329,-38.43378987813,205.5));
#2151 = CIRCLE('',#2152,52.);
#2152 = AXIS2_PLACEMENT_3D('',#2153,#2154,#2155);
#2153 = CARTESIAN_POINT('',(0.,0.,205.5));
#2154 = DIRECTION('',(0.,0.,1.));
#2155 = DIRECTION('',(1.,0.,-0.));
#2156 = ORIENTED_EDGE('',*,*,#2157,.T.);
#2157 = EDGE_CURVE('',#2149,#2158,#2160,.T.);
#2158 = VERTEX_POINT('',#2159);
#2159 = CARTESIAN_POINT('',(35.026330033329,-38.43378987813,209.));
#2160 = LINE('',#2161,#2162);
#2161 = CARTESIAN_POINT('',(35.026330033329,-38.43378987813,201.));
#2162 = VECTOR('',#2163,1.);
#2163 = DIRECTION('',(0.,0.,1.));
#2164 = ORIENTED_EDGE('',*,*,#2165,.F.);
#2165 = EDGE_CURVE('',#2166,#2158,#2168,.T.);
#2166 = VERTEX_POINT('',#2167);
#2167 = CARTESIAN_POINT('',(-35.02633003332,-38.43378987813,209.));
#2168 = CIRCLE('',#2169,52.);
#2169 = AXIS2_PLACEMENT_3D('',#2170,#2171,#2172);
#2170 = CARTESIAN_POINT('',(0.,0.,209.));
#2171 = DIRECTION('',(0.,0.,1.));
#2172 = DIRECTION('',(1.,0.,-0.));
#2173 = ORIENTED_EDGE('',*,*,#2174,.F.);
#2174 = EDGE_CURVE('',#2175,#2166,#2177,.T.);
#2175 = VERTEX_POINT('',#2176);
#2176 = CARTESIAN_POINT('',(-35.02633003332,-38.43378987813,205.5));
#2177 = LINE('',#2178,#2179);
#2178 = CARTESIAN_POINT('',(-35.02633003332,-38.43378987813,201.));
#2179 = VECTOR('',#2180,1.);
#2180 = DIRECTION('',(0.,0.,1.));
#2181 = ORIENTED_EDGE('',*,*,#2182,.F.);
#2182 = EDGE_CURVE('',#2183,#2175,#2185,.T.);
#2183 = VERTEX_POINT('',#2184);
#2184 = CARTESIAN_POINT('',(-38.43378987813,-35.02633003332,205.5));
#2185 = CIRCLE('',#2186,52.);
#2186 = AXIS2_PLACEMENT_3D('',#2187,#2188,#2189);
#2187 = CARTESIAN_POINT('',(0.,0.,205.5));
#2188 = DIRECTION('',(0.,0.,1.));
#2189 = DIRECTION('',(1.,0.,-0.));
#2190 = ORIENTED_EDGE('',*,*,#2191,.T.);
#2191 = EDGE_CURVE('',#2183,#2192,#2194,.T.);
#2192 = VERTEX_POINT('',#2193);
#2193 = CARTESIAN_POINT('',(-38.43378987813,-35.02633003332,209.));
#2194 = LINE('',#2195,#2196);
#2195 = CARTESIAN_POINT('',(-38.43378987813,-35.02633003332,201.));
#2196 = VECTOR('',#2197,1.);
#2197 = DIRECTION('',(0.,0.,1.));
#2198 = ORIENTED_EDGE('',*,*,#2199,.F.);
#2199 = EDGE_CURVE('',#2200,#2192,#2202,.T.);
#2200 = VERTEX_POINT('',#2201);
#2201 = CARTESIAN_POINT('',(-38.43378987813,35.026330033329,209.));
#2202 = CIRCLE('',#2203,52.);
#2203 = AXIS2_PLACEMENT_3D('',#2204,#2205,#2206);
#2204 = CARTESIAN_POINT('',(0.,0.,209.));
#2205 = DIRECTION('',(0.,0.,1.));
#2206 = DIRECTION('',(1.,0.,-0.));
#2207 = ORIENTED_EDGE('',*,*,#2208,.F.);
#2208 = EDGE_CURVE('',#2209,#2200,#2211,.T.);
#2209 = VERTEX_POINT('',#2210);
#2210 = CARTESIAN_POINT('',(-38.43378987813,35.026330033329,205.5));
#2211 = LINE('',#2212,#2213);
#2212 = CARTESIAN_POINT('',(-38.43378987813,35.026330033329,201.));
#2213 = VECTOR('',#2214,1.);
#2214 = DIRECTION('',(0.,0.,1.));
#2215 = ORIENTED_EDGE('',*,*,#2216,.F.);
#2216 = EDGE_CURVE('',#2217,#2209,#2219,.T.);
#2217 = VERTEX_POINT('',#2218);
#2218 = CARTESIAN_POINT('',(-35.02633003332,38.433789878131,205.5));
#2219 = CIRCLE('',#2220,52.);
#2220 = AXIS2_PLACEMENT_3D('',#2221,#2222,#2223);
#2221 = CARTESIAN_POINT('',(0.,0.,205.5));
#2222 = DIRECTION('',(0.,0.,1.));
#2223 = DIRECTION('',(1.,0.,-0.));
#2224 = ORIENTED_EDGE('',*,*,#2225,.T.);
#2225 = EDGE_CURVE('',#2217,#2226,#2228,.T.);
#2226 = VERTEX_POINT('',#2227);
#2227 = CARTESIAN_POINT('',(-35.02633003332,38.433789878131,209.));
#2228 = LINE('',#2229,#2230);
#2229 = CARTESIAN_POINT('',(-35.02633003332,38.433789878131,201.));
#2230 = VECTOR('',#2231,1.);
#2231 = DIRECTION('',(0.,0.,1.));
#2232 = ORIENTED_EDGE('',*,*,#2233,.F.);
#2233 = EDGE_CURVE('',#2234,#2226,#2236,.T.);
#2234 = VERTEX_POINT('',#2235);
#2235 = CARTESIAN_POINT('',(35.026330033329,38.433789878131,209.));
#2236 = CIRCLE('',#2237,52.);
#2237 = AXIS2_PLACEMENT_3D('',#2238,#2239,#2240);
#2238 = CARTESIAN_POINT('',(0.,0.,209.));
#2239 = DIRECTION('',(0.,0.,1.));
#2240 = DIRECTION('',(1.,0.,-0.));
#2241 = ORIENTED_EDGE('',*,*,#2242,.F.);
#2242 = EDGE_CURVE('',#2243,#2234,#2245,.T.);
#2243 = VERTEX_POINT('',#2244);
#2244 = CARTESIAN_POINT('',(35.026330033329,38.433789878131,205.5));
#2245 = LINE('',#2246,#2247);
#2246 = CARTESIAN_POINT('',(35.026330033329,38.433789878131,201.));
#2247 = VECTOR('',#2248,1.);
#2248 = DIRECTION('',(0.,0.,1.));
#2249 = ORIENTED_EDGE('',*,*,#2250,.F.);
#2250 = EDGE_CURVE('',#2251,#2243,#2253,.T.);
#2251 = VERTEX_POINT('',#2252);
#2252 = CARTESIAN_POINT('',(38.433789878131,35.026330033329,205.5));
#2253 = CIRCLE('',#2254,52.);
#2254 = AXIS2_PLACEMENT_3D('',#2255,#2256,#2257);
#2255 = CARTESIAN_POINT('',(0.,0.,205.5));
#2256 = DIRECTION('',(0.,0.,1.));
#2257 = DIRECTION('',(1.,0.,-0.));
#2258 = ORIENTED_EDGE('',*,*,#2259,.T.);
#2259 = EDGE_CURVE('',#2251,#2115,#2260,.T.);
#2260 = LINE('',#2261,#2262);
#2261 = CARTESIAN_POINT('',(38.433789878131,35.026330033329,201.));
#2262 = VECTOR('',#2263,1.);
#2263 = DIRECTION('',(0.,0.,1.));
#2264 = CYLINDRICAL_SURFACE('',#2265,52.);
#2265 = AXIS2_PLACEMENT_3D('',#2266,#2267,#2268);
#2266 = CARTESIAN_POINT('',(0.,0.,201.));
#2267 = DIRECTION('',(0.,0.,1.));
#2268 = DIRECTION('',(1.,0.,-0.));
#2269 = ADVANCED_FACE('',(#2270),#2289,.F.);
#2270 = FACE_BOUND('',#2271,.F.);
#2271 = EDGE_LOOP('',(#2272,#2281,#2287,#2288));
#2272 = ORIENTED_EDGE('',*,*,#2273,.F.);
#2273 = EDGE_CURVE('',#2274,#2274,#2276,.T.);
#2274 = VERTEX_POINT('',#2275);
#2275 = CARTESIAN_POINT('',(-29.98401871576,-33.23401871576,205.5));
#2276 = CIRCLE('',#2277,3.25);
#2277 = AXIS2_PLACEMENT_3D('',#2278,#2279,#2280);
#2278 = CARTESIAN_POINT('',(-33.23401871576,-33.23401871576,205.5));
#2279 = DIRECTION('',(0.,0.,1.));
#2280 = DIRECTION('',(1.,0.,-0.));
#2281 = ORIENTED_EDGE('',*,*,#2282,.F.);
#2282 = EDGE_CURVE('',#2051,#2274,#2283,.T.);
#2283 = LINE('',#2284,#2285);
#2284 = CARTESIAN_POINT('',(-29.98401871576,-33.23401871576,193.));
#2285 = VECTOR('',#2286,1.);
#2286 = DIRECTION('',(0.,0.,1.));
#2287 = ORIENTED_EDGE('',*,*,#2050,.T.);
#2288 = ORIENTED_EDGE('',*,*,#2282,.T.);
#2289 = CYLINDRICAL_SURFACE('',#2290,3.25);
#2290 = AXIS2_PLACEMENT_3D('',#2291,#2292,#2293);
#2291 = CARTESIAN_POINT('',(-33.23401871576,-33.23401871576,193.));
#2292 = DIRECTION('',(0.,0.,1.));
#2293 = DIRECTION('',(1.,0.,-0.));
#2294 = ADVANCED_FACE('',(#2295),#2314,.F.);
#2295 = FACE_BOUND('',#2296,.F.);
#2296 = EDGE_LOOP('',(#2297,#2306,#2312,#2313));
#2297 = ORIENTED_EDGE('',*,*,#2298,.F.);
#2298 = EDGE_CURVE('',#2299,#2299,#2301,.T.);
#2299 = VERTEX_POINT('',#2300);
#2300 = CARTESIAN_POINT('',(36.484018715768,-33.23401871576,205.5));
#2301 = CIRCLE('',#2302,3.25);
#2302 = AXIS2_PLACEMENT_3D('',#2303,#2304,#2305);
#2303 = CARTESIAN_POINT('',(33.234018715768,-33.23401871576,205.5));
#2304 = DIRECTION('',(0.,0.,1.));
#2305 = DIRECTION('',(1.,0.,-0.));
#2306 = ORIENTED_EDGE('',*,*,#2307,.F.);
#2307 = EDGE_CURVE('',#2062,#2299,#2308,.T.);
#2308 = LINE('',#2309,#2310);
#2309 = CARTESIAN_POINT('',(36.484018715768,-33.23401871576,193.));
#2310 = VECTOR('',#2311,1.);
#2311 = DIRECTION('',(0.,0.,1.));
#2312 = ORIENTED_EDGE('',*,*,#2061,.T.);
#2313 = ORIENTED_EDGE('',*,*,#2307,.T.);
#2314 = CYLINDRICAL_SURFACE('',#2315,3.25);
#2315 = AXIS2_PLACEMENT_3D('',#2316,#2317,#2318);
#2316 = CARTESIAN_POINT('',(33.234018715768,-33.23401871576,193.));
#2317 = DIRECTION('',(0.,0.,1.));
#2318 = DIRECTION('',(1.,0.,-0.));
#2319 = ADVANCED_FACE('',(#2320),#2339,.F.);
#2320 = FACE_BOUND('',#2321,.F.);
#2321 = EDGE_LOOP('',(#2322,#2331,#2337,#2338));
#2322 = ORIENTED_EDGE('',*,*,#2323,.F.);
#2323 = EDGE_CURVE('',#2324,#2324,#2326,.T.);
#2324 = VERTEX_POINT('',#2325);
#2325 = CARTESIAN_POINT('',(-29.98401871576,33.234018715768,205.5));
#2326 = CIRCLE('',#2327,3.25);
#2327 = AXIS2_PLACEMENT_3D('',#2328,#2329,#2330);
#2328 = CARTESIAN_POINT('',(-33.23401871576,33.234018715768,205.5));
#2329 = DIRECTION('',(0.,0.,1.));
#2330 = DIRECTION('',(1.,0.,-0.));
#2331 = ORIENTED_EDGE('',*,*,#2332,.F.);
#2332 = EDGE_CURVE('',#2073,#2324,#2333,.T.);
#2333 = LINE('',#2334,#2335);
#2334 = CARTESIAN_POINT('',(-29.98401871576,33.234018715768,193.));
#2335 = VECTOR('',#2336,1.);
#2336 = DIRECTION('',(0.,0.,1.));
#2337 = ORIENTED_EDGE('',*,*,#2072,.T.);
#2338 = ORIENTED_EDGE('',*,*,#2332,.T.);
#2339 = CYLINDRICAL_SURFACE('',#2340,3.25);
#2340 = AXIS2_PLACEMENT_3D('',#2341,#2342,#2343);
#2341 = CARTESIAN_POINT('',(-33.23401871576,33.234018715768,193.));
#2342 = DIRECTION('',(0.,0.,1.));
#2343 = DIRECTION('',(1.,0.,-0.));
#2344 = ADVANCED_FACE('',(#2345),#2364,.F.);
#2345 = FACE_BOUND('',#2346,.F.);
#2346 = EDGE_LOOP('',(#2347,#2356,#2362,#2363));
#2347 = ORIENTED_EDGE('',*,*,#2348,.F.);
#2348 = EDGE_CURVE('',#2349,#2349,#2351,.T.);
#2349 = VERTEX_POINT('',#2350);
#2350 = CARTESIAN_POINT('',(36.484018715768,33.234018715768,205.5));
#2351 = CIRCLE('',#2352,3.25);
#2352 = AXIS2_PLACEMENT_3D('',#2353,#2354,#2355);
#2353 = CARTESIAN_POINT('',(33.234018715768,33.234018715768,205.5));
#2354 = DIRECTION('',(0.,0.,1.));
#2355 = DIRECTION('',(1.,0.,-0.));
#2356 = ORIENTED_EDGE('',*,*,#2357,.F.);
#2357 = EDGE_CURVE('',#2087,#2349,#2358,.T.);
#2358 = LINE('',#2359,#2360);
#2359 = CARTESIAN_POINT('',(36.484018715768,33.234018715768,193.));
#2360 = VECTOR('',#2361,1.);
#2361 = DIRECTION('',(0.,0.,1.));
#2362 = ORIENTED_EDGE('',*,*,#2086,.T.);
#2363 = ORIENTED_EDGE('',*,*,#2357,.T.);
#2364 = CYLINDRICAL_SURFACE('',#2365,3.25);
#2365 = AXIS2_PLACEMENT_3D('',#2366,#2367,#2368);
#2366 = CARTESIAN_POINT('',(33.234018715768,33.234018715768,193.));
#2367 = DIRECTION('',(0.,0.,1.));
#2368 = DIRECTION('',(1.,0.,-0.));
#2369 = ADVANCED_FACE('',(#2370),#2441,.T.);
#2370 = FACE_BOUND('',#2371,.T.);
#2371 = EDGE_LOOP('',(#2372,#2381,#2382,#2391,#2398,#2399,#2408,#2415,
    #2416,#2425,#2432,#2433,#2434));
#2372 = ORIENTED_EDGE('',*,*,#2373,.F.);
#2373 = EDGE_CURVE('',#2234,#2374,#2376,.T.);
#2374 = VERTEX_POINT('',#2375);
#2375 = CARTESIAN_POINT('',(38.734018715768,33.234018715768,209.));
#2376 = CIRCLE('',#2377,5.5);
#2377 = AXIS2_PLACEMENT_3D('',#2378,#2379,#2380);
#2378 = CARTESIAN_POINT('',(33.234018715768,33.234018715768,209.));
#2379 = DIRECTION('',(0.,0.,1.));
#2380 = DIRECTION('',(1.,0.,-0.));
#2381 = ORIENTED_EDGE('',*,*,#2233,.T.);
#2382 = ORIENTED_EDGE('',*,*,#2383,.F.);
#2383 = EDGE_CURVE('',#2384,#2226,#2386,.T.);
#2384 = VERTEX_POINT('',#2385);
#2385 = CARTESIAN_POINT('',(-27.73401871576,33.234018715768,209.));
#2386 = CIRCLE('',#2387,5.5);
#2387 = AXIS2_PLACEMENT_3D('',#2388,#2389,#2390);
#2388 = CARTESIAN_POINT('',(-33.23401871576,33.234018715768,209.));
#2389 = DIRECTION('',(0.,0.,1.));
#2390 = DIRECTION('',(1.,0.,-0.));
#2391 = ORIENTED_EDGE('',*,*,#2392,.F.);
#2392 = EDGE_CURVE('',#2200,#2384,#2393,.T.);
#2393 = CIRCLE('',#2394,5.5);
#2394 = AXIS2_PLACEMENT_3D('',#2395,#2396,#2397);
#2395 = CARTESIAN_POINT('',(-33.23401871576,33.234018715768,209.));
#2396 = DIRECTION('',(0.,0.,1.));
#2397 = DIRECTION('',(1.,0.,-0.));
#2398 = ORIENTED_EDGE('',*,*,#2199,.T.);
#2399 = ORIENTED_EDGE('',*,*,#2400,.F.);
#2400 = EDGE_CURVE('',#2401,#2192,#2403,.T.);
#2401 = VERTEX_POINT('',#2402);
#2402 = CARTESIAN_POINT('',(-27.73401871576,-33.23401871576,209.));
#2403 = CIRCLE('',#2404,5.5);
#2404 = AXIS2_PLACEMENT_3D('',#2405,#2406,#2407);
#2405 = CARTESIAN_POINT('',(-33.23401871576,-33.23401871576,209.));
#2406 = DIRECTION('',(0.,0.,1.));
#2407 = DIRECTION('',(1.,0.,-0.));
#2408 = ORIENTED_EDGE('',*,*,#2409,.F.);
#2409 = EDGE_CURVE('',#2166,#2401,#2410,.T.);
#2410 = CIRCLE('',#2411,5.5);
#2411 = AXIS2_PLACEMENT_3D('',#2412,#2413,#2414);
#2412 = CARTESIAN_POINT('',(-33.23401871576,-33.23401871576,209.));
#2413 = DIRECTION('',(0.,0.,1.));
#2414 = DIRECTION('',(1.,0.,-0.));
#2415 = ORIENTED_EDGE('',*,*,#2165,.T.);
#2416 = ORIENTED_EDGE('',*,*,#2417,.F.);
#2417 = EDGE_CURVE('',#2418,#2158,#2420,.T.);
#2418 = VERTEX_POINT('',#2419);
#2419 = CARTESIAN_POINT('',(38.734018715768,-33.23401871576,209.));
#2420 = CIRCLE('',#2421,5.5);
#2421 = AXIS2_PLACEMENT_3D('',#2422,#2423,#2424);
#2422 = CARTESIAN_POINT('',(33.234018715768,-33.23401871576,209.));
#2423 = DIRECTION('',(0.,0.,1.));
#2424 = DIRECTION('',(1.,0.,-0.));
#2425 = ORIENTED_EDGE('',*,*,#2426,.F.);
#2426 = EDGE_CURVE('',#2132,#2418,#2427,.T.);
#2427 = CIRCLE('',#2428,5.5);
#2428 = AXIS2_PLACEMENT_3D('',#2429,#2430,#2431);
#2429 = CARTESIAN_POINT('',(33.234018715768,-33.23401871576,209.));
#2430 = DIRECTION('',(0.,0.,1.));
#2431 = DIRECTION('',(1.,0.,-0.));
#2432 = ORIENTED_EDGE('',*,*,#2131,.T.);
#2433 = ORIENTED_EDGE('',*,*,#2112,.T.);
#2434 = ORIENTED_EDGE('',*,*,#2435,.F.);
#2435 = EDGE_CURVE('',#2374,#2115,#2436,.T.);
#2436 = CIRCLE('',#2437,5.5);
#2437 = AXIS2_PLACEMENT_3D('',#2438,#2439,#2440);
#2438 = CARTESIAN_POINT('',(33.234018715768,33.234018715768,209.));
#2439 = DIRECTION('',(0.,0.,1.));
#2440 = DIRECTION('',(1.,0.,-0.));
#2441 = PLANE('',#2442);
#2442 = AXIS2_PLACEMENT_3D('',#2443,#2444,#2445);
#2443 = CARTESIAN_POINT('',(0.,0.,209.));
#2444 = DIRECTION('',(0.,0.,1.));
#2445 = DIRECTION('',(1.,0.,-0.));
#2446 = ADVANCED_FACE('',(#2447),#2466,.F.);
#2447 = FACE_BOUND('',#2448,.F.);
#2448 = EDGE_LOOP('',(#2449,#2450,#2458,#2465));
#2449 = ORIENTED_EDGE('',*,*,#2435,.F.);
#2450 = ORIENTED_EDGE('',*,*,#2451,.F.);
#2451 = EDGE_CURVE('',#2452,#2374,#2454,.T.);
#2452 = VERTEX_POINT('',#2453);
#2453 = CARTESIAN_POINT('',(38.734018715768,33.234018715768,205.5));
#2454 = LINE('',#2455,#2456);
#2455 = CARTESIAN_POINT('',(38.734018715768,33.234018715768,205.5));
#2456 = VECTOR('',#2457,1.);
#2457 = DIRECTION('',(0.,0.,1.));
#2458 = ORIENTED_EDGE('',*,*,#2459,.T.);
#2459 = EDGE_CURVE('',#2452,#2251,#2460,.T.);
#2460 = CIRCLE('',#2461,5.5);
#2461 = AXIS2_PLACEMENT_3D('',#2462,#2463,#2464);
#2462 = CARTESIAN_POINT('',(33.234018715768,33.234018715768,205.5));
#2463 = DIRECTION('',(0.,0.,1.));
#2464 = DIRECTION('',(1.,0.,-0.));
#2465 = ORIENTED_EDGE('',*,*,#2259,.T.);
#2466 = CYLINDRICAL_SURFACE('',#2467,5.5);
#2467 = AXIS2_PLACEMENT_3D('',#2468,#2469,#2470);
#2468 = CARTESIAN_POINT('',(33.234018715768,33.234018715768,205.5));
#2469 = DIRECTION('',(0.,0.,1.));
#2470 = DIRECTION('',(1.,0.,-0.));
#2471 = ADVANCED_FACE('',(#2472,#2483),#2486,.T.);
#2472 = FACE_BOUND('',#2473,.T.);
#2473 = EDGE_LOOP('',(#2474,#2481,#2482));
#2474 = ORIENTED_EDGE('',*,*,#2475,.T.);
#2475 = EDGE_CURVE('',#2243,#2452,#2476,.T.);
#2476 = CIRCLE('',#2477,5.5);
#2477 = AXIS2_PLACEMENT_3D('',#2478,#2479,#2480);
#2478 = CARTESIAN_POINT('',(33.234018715768,33.234018715768,205.5));
#2479 = DIRECTION('',(0.,0.,1.));
#2480 = DIRECTION('',(1.,0.,-0.));
#2481 = ORIENTED_EDGE('',*,*,#2459,.T.);
#2482 = ORIENTED_EDGE('',*,*,#2250,.T.);
#2483 = FACE_BOUND('',#2484,.T.);
#2484 = EDGE_LOOP('',(#2485));
#2485 = ORIENTED_EDGE('',*,*,#2348,.F.);
#2486 = PLANE('',#2487);
#2487 = AXIS2_PLACEMENT_3D('',#2488,#2489,#2490);
#2488 = CARTESIAN_POINT('',(33.234018715768,33.234018715768,205.5));
#2489 = DIRECTION('',(0.,0.,1.));
#2490 = DIRECTION('',(1.,0.,-0.));
#2491 = ADVANCED_FACE('',(#2492),#2498,.F.);
#2492 = FACE_BOUND('',#2493,.F.);
#2493 = EDGE_LOOP('',(#2494,#2495,#2496,#2497));
#2494 = ORIENTED_EDGE('',*,*,#2451,.T.);
#2495 = ORIENTED_EDGE('',*,*,#2373,.F.);
#2496 = ORIENTED_EDGE('',*,*,#2242,.F.);
#2497 = ORIENTED_EDGE('',*,*,#2475,.T.);
#2498 = CYLINDRICAL_SURFACE('',#2499,5.5);
#2499 = AXIS2_PLACEMENT_3D('',#2500,#2501,#2502);
#2500 = CARTESIAN_POINT('',(33.234018715768,33.234018715768,205.5));
#2501 = DIRECTION('',(0.,0.,1.));
#2502 = DIRECTION('',(1.,0.,-0.));
#2503 = ADVANCED_FACE('',(#2504),#2523,.F.);
#2504 = FACE_BOUND('',#2505,.F.);
#2505 = EDGE_LOOP('',(#2506,#2507,#2515,#2522));
#2506 = ORIENTED_EDGE('',*,*,#2383,.F.);
#2507 = ORIENTED_EDGE('',*,*,#2508,.F.);
#2508 = EDGE_CURVE('',#2509,#2384,#2511,.T.);
#2509 = VERTEX_POINT('',#2510);
#2510 = CARTESIAN_POINT('',(-27.73401871576,33.234018715768,205.5));
#2511 = LINE('',#2512,#2513);
#2512 = CARTESIAN_POINT('',(-27.73401871576,33.234018715768,205.5));
#2513 = VECTOR('',#2514,1.);
#2514 = DIRECTION('',(0.,0.,1.));
#2515 = ORIENTED_EDGE('',*,*,#2516,.T.);
#2516 = EDGE_CURVE('',#2509,#2217,#2517,.T.);
#2517 = CIRCLE('',#2518,5.5);
#2518 = AXIS2_PLACEMENT_3D('',#2519,#2520,#2521);
#2519 = CARTESIAN_POINT('',(-33.23401871576,33.234018715768,205.5));
#2520 = DIRECTION('',(0.,0.,1.));
#2521 = DIRECTION('',(1.,0.,-0.));
#2522 = ORIENTED_EDGE('',*,*,#2225,.T.);
#2523 = CYLINDRICAL_SURFACE('',#2524,5.5);
#2524 = AXIS2_PLACEMENT_3D('',#2525,#2526,#2527);
#2525 = CARTESIAN_POINT('',(-33.23401871576,33.234018715768,205.5));
#2526 = DIRECTION('',(0.,0.,1.));
#2527 = DIRECTION('',(1.,0.,-0.));
#2528 = ADVANCED_FACE('',(#2529,#2540),#2543,.T.);
#2529 = FACE_BOUND('',#2530,.T.);
#2530 = EDGE_LOOP('',(#2531,#2538,#2539));
#2531 = ORIENTED_EDGE('',*,*,#2532,.T.);
#2532 = EDGE_CURVE('',#2209,#2509,#2533,.T.);
#2533 = CIRCLE('',#2534,5.5);
#2534 = AXIS2_PLACEMENT_3D('',#2535,#2536,#2537);
#2535 = CARTESIAN_POINT('',(-33.23401871576,33.234018715768,205.5));
#2536 = DIRECTION('',(0.,0.,1.));
#2537 = DIRECTION('',(1.,0.,-0.));
#2538 = ORIENTED_EDGE('',*,*,#2516,.T.);
#2539 = ORIENTED_EDGE('',*,*,#2216,.T.);
#2540 = FACE_BOUND('',#2541,.T.);
#2541 = EDGE_LOOP('',(#2542));
#2542 = ORIENTED_EDGE('',*,*,#2323,.F.);
#2543 = PLANE('',#2544);
#2544 = AXIS2_PLACEMENT_3D('',#2545,#2546,#2547);
#2545 = CARTESIAN_POINT('',(-33.23401871576,33.234018715768,205.5));
#2546 = DIRECTION('',(0.,0.,1.));
#2547 = DIRECTION('',(1.,0.,-0.));
#2548 = ADVANCED_FACE('',(#2549),#2555,.F.);
#2549 = FACE_BOUND('',#2550,.F.);
#2550 = EDGE_LOOP('',(#2551,#2552,#2553,#2554));
#2551 = ORIENTED_EDGE('',*,*,#2508,.T.);
#2552 = ORIENTED_EDGE('',*,*,#2392,.F.);
#2553 = ORIENTED_EDGE('',*,*,#2208,.F.);
#2554 = ORIENTED_EDGE('',*,*,#2532,.T.);
#2555 = CYLINDRICAL_SURFACE('',#2556,5.5);
#2556 = AXIS2_PLACEMENT_3D('',#2557,#2558,#2559);
#2557 = CARTESIAN_POINT('',(-33.23401871576,33.234018715768,205.5));
#2558 = DIRECTION('',(0.,0.,1.));
#2559 = DIRECTION('',(1.,0.,-0.));
#2560 = ADVANCED_FACE('',(#2561),#2580,.F.);
#2561 = FACE_BOUND('',#2562,.F.);
#2562 = EDGE_LOOP('',(#2563,#2564,#2572,#2579));
#2563 = ORIENTED_EDGE('',*,*,#2400,.F.);
#2564 = ORIENTED_EDGE('',*,*,#2565,.F.);
#2565 = EDGE_CURVE('',#2566,#2401,#2568,.T.);
#2566 = VERTEX_POINT('',#2567);
#2567 = CARTESIAN_POINT('',(-27.73401871576,-33.23401871576,205.5));
#2568 = LINE('',#2569,#2570);
#2569 = CARTESIAN_POINT('',(-27.73401871576,-33.23401871576,205.5));
#2570 = VECTOR('',#2571,1.);
#2571 = DIRECTION('',(0.,0.,1.));
#2572 = ORIENTED_EDGE('',*,*,#2573,.T.);
#2573 = EDGE_CURVE('',#2566,#2183,#2574,.T.);
#2574 = CIRCLE('',#2575,5.5);
#2575 = AXIS2_PLACEMENT_3D('',#2576,#2577,#2578);
#2576 = CARTESIAN_POINT('',(-33.23401871576,-33.23401871576,205.5));
#2577 = DIRECTION('',(0.,0.,1.));
#2578 = DIRECTION('',(1.,0.,-0.));
#2579 = ORIENTED_EDGE('',*,*,#2191,.T.);
#2580 = CYLINDRICAL_SURFACE('',#2581,5.5);
#2581 = AXIS2_PLACEMENT_3D('',#2582,#2583,#2584);
#2582 = CARTESIAN_POINT('',(-33.23401871576,-33.23401871576,205.5));
#2583 = DIRECTION('',(0.,0.,1.));
#2584 = DIRECTION('',(1.,0.,-0.));
#2585 = ADVANCED_FACE('',(#2586,#2597),#2600,.T.);
#2586 = FACE_BOUND('',#2587,.T.);
#2587 = EDGE_LOOP('',(#2588,#2595,#2596));
#2588 = ORIENTED_EDGE('',*,*,#2589,.T.);
#2589 = EDGE_CURVE('',#2175,#2566,#2590,.T.);
#2590 = CIRCLE('',#2591,5.5);
#2591 = AXIS2_PLACEMENT_3D('',#2592,#2593,#2594);
#2592 = CARTESIAN_POINT('',(-33.23401871576,-33.23401871576,205.5));
#2593 = DIRECTION('',(0.,0.,1.));
#2594 = DIRECTION('',(1.,0.,-0.));
#2595 = ORIENTED_EDGE('',*,*,#2573,.T.);
#2596 = ORIENTED_EDGE('',*,*,#2182,.T.);
#2597 = FACE_BOUND('',#2598,.T.);
#2598 = EDGE_LOOP('',(#2599));
#2599 = ORIENTED_EDGE('',*,*,#2273,.F.);
#2600 = PLANE('',#2601);
#2601 = AXIS2_PLACEMENT_3D('',#2602,#2603,#2604);
#2602 = CARTESIAN_POINT('',(-33.23401871576,-33.23401871576,205.5));
#2603 = DIRECTION('',(0.,0.,1.));
#2604 = DIRECTION('',(1.,0.,-0.));
#2605 = ADVANCED_FACE('',(#2606),#2612,.F.);
#2606 = FACE_BOUND('',#2607,.F.);
#2607 = EDGE_LOOP('',(#2608,#2609,#2610,#2611));
#2608 = ORIENTED_EDGE('',*,*,#2565,.T.);
#2609 = ORIENTED_EDGE('',*,*,#2409,.F.);
#2610 = ORIENTED_EDGE('',*,*,#2174,.F.);
#2611 = ORIENTED_EDGE('',*,*,#2589,.T.);
#2612 = CYLINDRICAL_SURFACE('',#2613,5.5);
#2613 = AXIS2_PLACEMENT_3D('',#2614,#2615,#2616);
#2614 = CARTESIAN_POINT('',(-33.23401871576,-33.23401871576,205.5));
#2615 = DIRECTION('',(0.,0.,1.));
#2616 = DIRECTION('',(1.,0.,-0.));
#2617 = ADVANCED_FACE('',(#2618),#2637,.F.);
#2618 = FACE_BOUND('',#2619,.F.);
#2619 = EDGE_LOOP('',(#2620,#2621,#2629,#2636));
#2620 = ORIENTED_EDGE('',*,*,#2417,.F.);
#2621 = ORIENTED_EDGE('',*,*,#2622,.F.);
#2622 = EDGE_CURVE('',#2623,#2418,#2625,.T.);
#2623 = VERTEX_POINT('',#2624);
#2624 = CARTESIAN_POINT('',(38.734018715768,-33.23401871576,205.5));
#2625 = LINE('',#2626,#2627);
#2626 = CARTESIAN_POINT('',(38.734018715768,-33.23401871576,205.5));
#2627 = VECTOR('',#2628,1.);
#2628 = DIRECTION('',(0.,0.,1.));
#2629 = ORIENTED_EDGE('',*,*,#2630,.T.);
#2630 = EDGE_CURVE('',#2623,#2149,#2631,.T.);
#2631 = CIRCLE('',#2632,5.5);
#2632 = AXIS2_PLACEMENT_3D('',#2633,#2634,#2635);
#2633 = CARTESIAN_POINT('',(33.234018715768,-33.23401871576,205.5));
#2634 = DIRECTION('',(0.,0.,1.));
#2635 = DIRECTION('',(1.,0.,-0.));
#2636 = ORIENTED_EDGE('',*,*,#2157,.T.);
#2637 = CYLINDRICAL_SURFACE('',#2638,5.5);
#2638 = AXIS2_PLACEMENT_3D('',#2639,#2640,#2641);
#2639 = CARTESIAN_POINT('',(33.234018715768,-33.23401871576,205.5));
#2640 = DIRECTION('',(0.,0.,1.));
#2641 = DIRECTION('',(1.,0.,-0.));
#2642 = ADVANCED_FACE('',(#2643,#2654),#2657,.T.);
#2643 = FACE_BOUND('',#2644,.T.);
#2644 = EDGE_LOOP('',(#2645,#2652,#2653));
#2645 = ORIENTED_EDGE('',*,*,#2646,.T.);
#2646 = EDGE_CURVE('',#2141,#2623,#2647,.T.);
#2647 = CIRCLE('',#2648,5.5);
#2648 = AXIS2_PLACEMENT_3D('',#2649,#2650,#2651);
#2649 = CARTESIAN_POINT('',(33.234018715768,-33.23401871576,205.5));
#2650 = DIRECTION('',(0.,0.,1.));
#2651 = DIRECTION('',(1.,0.,-0.));
#2652 = ORIENTED_EDGE('',*,*,#2630,.T.);
#2653 = ORIENTED_EDGE('',*,*,#2148,.T.);
#2654 = FACE_BOUND('',#2655,.T.);
#2655 = EDGE_LOOP('',(#2656));
#2656 = ORIENTED_EDGE('',*,*,#2298,.F.);
#2657 = PLANE('',#2658);
#2658 = AXIS2_PLACEMENT_3D('',#2659,#2660,#2661);
#2659 = CARTESIAN_POINT('',(33.234018715768,-33.23401871576,205.5));
#2660 = DIRECTION('',(0.,0.,1.));
#2661 = DIRECTION('',(1.,0.,-0.));
#2662 = ADVANCED_FACE('',(#2663),#2669,.F.);
#2663 = FACE_BOUND('',#2664,.F.);
#2664 = EDGE_LOOP('',(#2665,#2666,#2667,#2668));
#2665 = ORIENTED_EDGE('',*,*,#2622,.T.);
#2666 = ORIENTED_EDGE('',*,*,#2426,.F.);
#2667 = ORIENTED_EDGE('',*,*,#2140,.F.);
#2668 = ORIENTED_EDGE('',*,*,#2646,.T.);
#2669 = CYLINDRICAL_SURFACE('',#2670,5.5);
#2670 = AXIS2_PLACEMENT_3D('',#2671,#2672,#2673);
#2671 = CARTESIAN_POINT('',(33.234018715768,-33.23401871576,205.5));
#2672 = DIRECTION('',(0.,0.,1.));
#2673 = DIRECTION('',(1.,0.,-0.));
#2674 = ( GEOMETRIC_REPRESENTATION_CONTEXT(3) 
GLOBAL_UNCERTAINTY_ASSIGNED_CONTEXT((#2678)) 
GLOBAL_UNIT_ASSIGNED_CONTEXT((#2675,#2676,#2677)) REPRESENTATION_CONTEXT
('Context #1','3D Context with UNIT and UNCERTAINTY') );
#2675 = ( LENGTH_UNIT() NAMED_UNIT(*) SI_UNIT(.MILLI.,.METRE.) );
#2676 = ( NAMED_UNIT(*) PLANE_ANGLE_UNIT() SI_UNIT($,.RADIAN.) );
#2677 = ( NAMED_UNIT(*) SI_UNIT($,.STERADIAN.) SOLID_ANGLE_UNIT() );
#2678 = UNCERTAINTY_MEASURE_WITH_UNIT(LENGTH_MEASURE(1.E-07),#2675,
  'distance_accuracy_value','confusion accuracy');
#2679 = PRODUCT_RELATED_PRODUCT_CATEGORY('part',$,(#7));
ENDSEC;
END-ISO-10303-21;
